Ano;Męs;Classificaçăo orçamentária;Secretaria;Funçăo;Subfunçăo;Natureza da despesa;Fonte de recurso;Empenhado (R$);Liquidado  (R$);Pago  (R$)
2026;01;05.10.3.1.90.11.04.122.0001.2.002.01.1100000;Gabinete do Prefeito;ADMINISTRAÇĂO;ADMINISTRAÇĂO GERAL;VENCIMENTOS E VANTAGENS FIXAS -  PESSOAL CIVIL;TESOURO;72.298,99;72.298,99;72.298,99
2026;01;10.10.3.1.90.11.04.122.0002.2.003.01.1100000;SECRETARIA DE GOVERNANÇA;ADMINISTRAÇĂO;ADMINISTRAÇĂO GERAL;VENCIMENTOS E VANTAGENS FIXAS -  PESSOAL CIVIL;TESOURO;975.168,48;975.168,48;975.168,48
2026;01;10.10.3.3.50.85.04.122.0002.2.004.01.1100000;SECRETARIA DE GOVERNANÇA;ADMINISTRAÇĂO;ADMINISTRAÇĂO GERAL;CONTRATO DE GESTĂO-;TESOURO;2.656.868,71;442.811,46;221.405,73
2026;01;10.10.3.3.90.30.04.122.0002.2.005.01.1100000;SECRETARIA DE GOVERNANÇA;ADMINISTRAÇĂO;ADMINISTRAÇĂO GERAL;MATERIAL DE CONSUMO;TESOURO;14.061,00;1.804,60;1.804,60
2026;01;10.10.3.3.90.30.04.122.0002.2.008.01.1100000;SECRETARIA DE GOVERNANÇA;ADMINISTRAÇĂO;ADMINISTRAÇĂO GERAL;MATERIAL DE CONSUMO;TESOURO;375,00;375,00;375,00
2026;01;10.10.3.3.90.30.04.122.0002.2.008.92.1000252;SECRETARIA DE GOVERNANÇA;ADMINISTRAÇĂO;ADMINISTRAÇĂO GERAL;MATERIAL DE CONSUMO;TRANSFERENCIAS E CONVENIOS ESTADUAIS - VINCULADOS - EXERCÍCIO ANTERIOR;1.904,48;0,00;0,00
2026;01;10.10.3.3.90.30.04.122.0002.2.009.01.1100000;SECRETARIA DE GOVERNANÇA;ADMINISTRAÇĂO;ADMINISTRAÇĂO GERAL;MATERIAL DE CONSUMO;TESOURO;4.461,20;286,20;286,20
2026;01;10.10.3.3.90.33.04.122.0002.2.003.01.1100000;SECRETARIA DE GOVERNANÇA;ADMINISTRAÇĂO;ADMINISTRAÇĂO GERAL;PASSAGENS E DESPESAS COM LOCOMOÇĂO;TESOURO;24.270,00;0,00;0,00
2026;01;10.10.3.3.90.36.04.122.0002.2.003.01.1100000;SECRETARIA DE GOVERNANÇA;ADMINISTRAÇĂO;ADMINISTRAÇĂO GERAL;OUTROS SERVIÇOS DE TERCEIROS - PESSOA FÍSICA;TESOURO;16.456,73;16.456,73;16.456,73
2026;01;10.10.3.3.90.39.04.122.0002.2.003.01.1100000;SECRETARIA DE GOVERNANÇA;ADMINISTRAÇĂO;ADMINISTRAÇĂO GERAL;OUTROS SERVIÇOS DE TERCEIROS -  PESSOA JURÍDICA;TESOURO;6.500,00;6.500,00;4.500,00
2026;01;10.10.3.3.90.39.04.122.0002.2.004.01.1100000;SECRETARIA DE GOVERNANÇA;ADMINISTRAÇĂO;ADMINISTRAÇĂO GERAL;OUTROS SERVIÇOS DE TERCEIROS -  PESSOA JURÍDICA;TESOURO;3.186.134,20;351.524,51;351.524,51
2026;01;10.10.3.3.90.39.04.122.0002.2.005.01.1100000;SECRETARIA DE GOVERNANÇA;ADMINISTRAÇĂO;ADMINISTRAÇĂO GERAL;OUTROS SERVIÇOS DE TERCEIROS -  PESSOA JURÍDICA;TESOURO;433.426,13;16.956,88;180,00
2026;01;10.10.3.3.90.39.04.122.0002.2.007.01.1100000;SECRETARIA DE GOVERNANÇA;ADMINISTRAÇĂO;ADMINISTRAÇĂO GERAL;OUTROS SERVIÇOS DE TERCEIROS -  PESSOA JURÍDICA;TESOURO;2.700.000,00;0,00;0,00
2026;01;10.10.3.3.90.39.04.122.0002.2.008.01.1100000;SECRETARIA DE GOVERNANÇA;ADMINISTRAÇĂO;ADMINISTRAÇĂO GERAL;OUTROS SERVIÇOS DE TERCEIROS -  PESSOA JURÍDICA;TESOURO;48.133,43;5.147,63;2.160,00
2026;01;10.10.3.3.90.39.04.122.0002.2.009.01.1100000;SECRETARIA DE GOVERNANÇA;ADMINISTRAÇĂO;ADMINISTRAÇĂO GERAL;OUTROS SERVIÇOS DE TERCEIROS -  PESSOA JURÍDICA;TESOURO;16.650,00;0,00;0,00
2026;01;10.10.3.3.90.39.27.811.0002.2.006.01.1100000;SECRETARIA DE GOVERNANÇA;DESPORTO E LAZER;DESPORTO DE RENDIMENTO;OUTROS SERVIÇOS DE TERCEIROS -  PESSOA JURÍDICA;TESOURO;997.242,45;997.242,45;677.518,40
2026;01;10.10.3.3.90.48.27.811.0002.2.006.01.1100000;SECRETARIA DE GOVERNANÇA;DESPORTO E LAZER;DESPORTO DE RENDIMENTO;OUTROS AUXÍLIOS FINANCEIROS A PESSOA FÍSICA;TESOURO;628.568,98;628.568,98;0,00
2026;01;10.10.3.3.90.92.04.122.0002.2.004.01.1100000;SECRETARIA DE GOVERNANÇA;ADMINISTRAÇĂO;ADMINISTRAÇĂO GERAL;DESPESAS DE EXERCÍCIOS ANTERIORES;TESOURO;720.860,62;720.860,62;720.860,62
2026;01;10.10.4.4.90.52.04.122.0002.2.009.01.1100000;SECRETARIA DE GOVERNANÇA;ADMINISTRAÇĂO;ADMINISTRAÇĂO GERAL;EQUIPAMENTOS E MATERIAL PERMANENTE;TESOURO;8.168,40;7.778,50;7.450,00
2026;01;15.10.3.1.90.11.04.122.0003.2.003.01.1100000;SECRETARIA DE ASSUNTOS JURÍDICOS;ADMINISTRAÇĂO;ADMINISTRAÇĂO GERAL;VENCIMENTOS E VANTAGENS FIXAS -  PESSOAL CIVIL;TESOURO;877.851,70;877.851,70;877.851,70
2026;01;15.10.3.1.90.11.14.422.0003.2.012.02.1000047;SECRETARIA DE ASSUNTOS JURÍDICOS;DIREITOS DA CIDADANIA;DIREITOS INDIVIDUAIS, COLETIVOS E DIFUSOS;VENCIMENTOS E VANTAGENS FIXAS -  PESSOAL CIVIL;TRANSFERENCIAS E CONVENIOS ESTADUAIS - VINCULADOS;47.265,25;47.265,25;47.265,25
2026;01;15.10.3.3.90.30.14.422.0003.2.012.03.1000133;SECRETARIA DE ASSUNTOS JURÍDICOS;DIREITOS DA CIDADANIA;DIREITOS INDIVIDUAIS, COLETIVOS E DIFUSOS;MATERIAL DE CONSUMO;RECURSOS PROPRIOS DE FUNDOS ESPECIAIS DE DESPESA - VINCULADOS;1.670,00;0,00;0,00
2026;01;15.10.3.3.90.36.04.122.0003.2.003.01.1100000;SECRETARIA DE ASSUNTOS JURÍDICOS;ADMINISTRAÇĂO;ADMINISTRAÇĂO GERAL;OUTROS SERVIÇOS DE TERCEIROS - PESSOA FÍSICA;TESOURO;66.917,34;66.917,34;66.917,34
2026;01;15.10.3.3.90.36.04.122.0003.2.011.01.1100000;SECRETARIA DE ASSUNTOS JURÍDICOS;ADMINISTRAÇĂO;ADMINISTRAÇĂO GERAL;OUTROS SERVIÇOS DE TERCEIROS - PESSOA FÍSICA;TESOURO;145.897,55;145.897,55;145.897,55
2026;01;15.10.3.3.90.39.04.122.0003.2.003.01.1100000;SECRETARIA DE ASSUNTOS JURÍDICOS;ADMINISTRAÇĂO;ADMINISTRAÇĂO GERAL;OUTROS SERVIÇOS DE TERCEIROS -  PESSOA JURÍDICA;TESOURO;900,00;900,00;900,00
2026;01;15.10.3.3.90.39.04.122.0003.2.010.01.1100000;SECRETARIA DE ASSUNTOS JURÍDICOS;ADMINISTRAÇĂO;ADMINISTRAÇĂO GERAL;OUTROS SERVIÇOS DE TERCEIROS -  PESSOA JURÍDICA;TESOURO;83.476,30;67.576,30;67.115,26
2026;01;15.10.3.3.90.39.04.122.0003.2.011.01.1100000;SECRETARIA DE ASSUNTOS JURÍDICOS;ADMINISTRAÇĂO;ADMINISTRAÇĂO GERAL;OUTROS SERVIÇOS DE TERCEIROS -  PESSOA JURÍDICA;TESOURO;4.769,54;4.769,54;0,00
2026;01;15.10.3.3.90.39.14.422.0003.2.012.03.1000133;SECRETARIA DE ASSUNTOS JURÍDICOS;DIREITOS DA CIDADANIA;DIREITOS INDIVIDUAIS, COLETIVOS E DIFUSOS;OUTROS SERVIÇOS DE TERCEIROS -  PESSOA JURÍDICA;RECURSOS PROPRIOS DE FUNDOS ESPECIAIS DE DESPESA - VINCULADOS;1.168.108,50;0,00;0,00
2026;01;15.10.3.3.90.40.14.422.0003.2.012.92.1000047;SECRETARIA DE ASSUNTOS JURÍDICOS;DIREITOS DA CIDADANIA;DIREITOS INDIVIDUAIS, COLETIVOS E DIFUSOS;SERVIÇOS DE TECNOLOGIA DA INFORMAÇĂO E COMUNICAÇĂO - PJ;TRANSFERENCIAS E CONVENIOS ESTADUAIS - VINCULADOS - EXERCÍCIO ANTERIOR;964.321,78;0,00;0,00
2026;01;15.10.3.3.90.92.04.122.0003.2.010.01.1100000;SECRETARIA DE ASSUNTOS JURÍDICOS;ADMINISTRAÇĂO;ADMINISTRAÇĂO GERAL;DESPESAS DE EXERCÍCIOS ANTERIORES;TESOURO;2.554,38;2.554,38;2.554,38
2026;01;20.10.3.1.90.11.04.122.0004.2.003.01.1100000;SECRETARIA DE GESTĂO ADMINISTRATIVA E FINANÇAS;ADMINISTRAÇĂO;ADMINISTRAÇĂO GERAL;VENCIMENTOS E VANTAGENS FIXAS -  PESSOAL CIVIL;TESOURO;2.017.385,35;2.017.385,35;2.017.385,35
2026;01;20.10.3.3.90.30.04.122.0004.2.013.01.1100000;SECRETARIA DE GESTĂO ADMINISTRATIVA E FINANÇAS;ADMINISTRAÇĂO;ADMINISTRAÇĂO GERAL;MATERIAL DE CONSUMO;TESOURO;806.886,63;582.094,40;4.950,00
2026;01;20.10.3.3.90.30.04.122.0004.2.014.01.1100000;SECRETARIA DE GESTĂO ADMINISTRATIVA E FINANÇAS;ADMINISTRAÇĂO;ADMINISTRAÇĂO GERAL;MATERIAL DE CONSUMO;TESOURO;15.908,00;12.400,00;0,00
2026;01;20.10.3.3.90.30.04.122.0004.2.015.01.1100000;SECRETARIA DE GESTĂO ADMINISTRATIVA E FINANÇAS;ADMINISTRAÇĂO;ADMINISTRAÇĂO GERAL;MATERIAL DE CONSUMO;TESOURO;7.450,65;3.466,60;0,00
2026;01;20.10.3.3.90.36.04.122.0004.2.003.01.1100000;SECRETARIA DE GESTĂO ADMINISTRATIVA E FINANÇAS;ADMINISTRAÇĂO;ADMINISTRAÇĂO GERAL;OUTROS SERVIÇOS DE TERCEIROS - PESSOA FÍSICA;TESOURO;47.711,94;47.711,94;47.711,94
2026;01;20.10.3.3.90.39.04.122.0004.2.003.01.1100000;SECRETARIA DE GESTĂO ADMINISTRATIVA E FINANÇAS;ADMINISTRAÇĂO;ADMINISTRAÇĂO GERAL;OUTROS SERVIÇOS DE TERCEIROS -  PESSOA JURÍDICA;TESOURO;53.300,00;3.300,00;1.800,00
2026;01;20.10.3.3.90.39.04.122.0004.2.013.01.1100000;SECRETARIA DE GESTĂO ADMINISTRATIVA E FINANÇAS;ADMINISTRAÇĂO;ADMINISTRAÇĂO GERAL;OUTROS SERVIÇOS DE TERCEIROS -  PESSOA JURÍDICA;TESOURO;908.176,02;243.476,02;1.268,39
2026;01;20.10.3.3.90.39.04.122.0004.2.015.01.1100000;SECRETARIA DE GESTĂO ADMINISTRATIVA E FINANÇAS;ADMINISTRAÇĂO;ADMINISTRAÇĂO GERAL;OUTROS SERVIÇOS DE TERCEIROS -  PESSOA JURÍDICA;TESOURO;618.197,20;234.517,68;0,00
2026;01;20.10.3.3.90.40.04.122.0004.2.013.01.1100000;SECRETARIA DE GESTĂO ADMINISTRATIVA E FINANÇAS;ADMINISTRAÇĂO;ADMINISTRAÇĂO GERAL;SERVIÇOS DE TECNOLOGIA DA INFORMAÇĂO E COMUNICAÇĂO - PJ;TESOURO;684.093,20;58.398,20;0,00
2026;01;20.10.3.3.90.40.04.122.0004.2.014.01.1100000;SECRETARIA DE GESTĂO ADMINISTRATIVA E FINANÇAS;ADMINISTRAÇĂO;ADMINISTRAÇĂO GERAL;SERVIÇOS DE TECNOLOGIA DA INFORMAÇĂO E COMUNICAÇĂO - PJ;TESOURO;1.686.219,93;1.408.129,53;0,00
2026;01;20.10.3.3.90.92.04.122.0004.2.013.01.1100000;SECRETARIA DE GESTĂO ADMINISTRATIVA E FINANÇAS;ADMINISTRAÇĂO;ADMINISTRAÇĂO GERAL;DESPESAS DE EXERCÍCIOS ANTERIORES;TESOURO;1.171.066,76;1.171.066,76;191.453,38
2026;01;20.10.3.3.90.92.04.122.0004.2.014.01.1100000;SECRETARIA DE GESTĂO ADMINISTRATIVA E FINANÇAS;ADMINISTRAÇĂO;ADMINISTRAÇĂO GERAL;DESPESAS DE EXERCÍCIOS ANTERIORES;TESOURO;1.706.496,11;1.706.496,11;739.831,60
2026;01;20.10.3.3.90.92.04.122.0004.2.015.01.1100000;SECRETARIA DE GESTĂO ADMINISTRATIVA E FINANÇAS;ADMINISTRAÇĂO;ADMINISTRAÇĂO GERAL;DESPESAS DE EXERCÍCIOS ANTERIORES;TESOURO;38.440,10;38.440,10;0,00
2026;01;30.10.3.1.90.11.15.127.0005.2.003.01.1100000;SECRETARIA DE URBANISMO E SUSTENTABILIDADE;URBANISMO;ORDENAMENTO TERRITORIAL;VENCIMENTOS E VANTAGENS FIXAS -  PESSOAL CIVIL;TESOURO;604.010,12;604.010,12;604.010,12
2026;01;30.10.3.3.50.39.18.541.0005.2.018.03.1000050;SECRETARIA DE URBANISMO E SUSTENTABILIDADE;GESTĂO AMBIENTAL;PRESERVAÇĂO E CONSERVAÇĂO AMBIENTAL;OUTROS SERVIÇOS DE TERCEIROS -PESSOA JURÍDICA;RECURSOS PROPRIOS DE FUNDOS ESPECIAIS DE DESPESA - VINCULADOS;20.000,00;0,00;0,00
2026;01;30.10.3.3.71.70.18.541.0005.2.018.01.1000190;SECRETARIA DE URBANISMO E SUSTENTABILIDADE;GESTĂO AMBIENTAL;PRESERVAÇĂO E CONSERVAÇĂO AMBIENTAL;RATEIO PELA PARTICIPAÇĂO EM CONSÓRCIO PÚBLICO;TESOURO;4.102.000,00;341.843,25;341.843,25
2026;01;30.10.3.3.90.30.15.127.0005.2.016.01.1100000;SECRETARIA DE URBANISMO E SUSTENTABILIDADE;URBANISMO;ORDENAMENTO TERRITORIAL;MATERIAL DE CONSUMO;TESOURO;2.119,90;1.351,70;100,00
2026;01;30.10.3.3.90.36.15.127.0005.2.003.01.1100000;SECRETARIA DE URBANISMO E SUSTENTABILIDADE;URBANISMO;ORDENAMENTO TERRITORIAL;OUTROS SERVIÇOS DE TERCEIROS - PESSOA FÍSICA;TESOURO;34.140,50;34.140,50;34.140,50
2026;01;30.10.3.3.90.39.15.127.0005.2.003.01.1100000;SECRETARIA DE URBANISMO E SUSTENTABILIDADE;URBANISMO;ORDENAMENTO TERRITORIAL;OUTROS SERVIÇOS DE TERCEIROS -  PESSOA JURÍDICA;TESOURO;12.947,25;12.947,25;12.647,25
2026;01;30.10.3.3.90.39.15.127.0005.2.016.01.1100000;SECRETARIA DE URBANISMO E SUSTENTABILIDADE;URBANISMO;ORDENAMENTO TERRITORIAL;OUTROS SERVIÇOS DE TERCEIROS -  PESSOA JURÍDICA;TESOURO;4.133.398,10;601.717,58;6.280,00
2026;01;30.10.3.3.90.39.15.127.0005.2.017.03.1000134;SECRETARIA DE URBANISMO E SUSTENTABILIDADE;URBANISMO;ORDENAMENTO TERRITORIAL;OUTROS SERVIÇOS DE TERCEIROS -  PESSOA JURÍDICA;RECURSOS PROPRIOS DE FUNDOS ESPECIAIS DE DESPESA - VINCULADOS;1.080.000,00;89.973,00;0,00
2026;01;30.10.3.3.90.39.18.541.0005.2.018.03.1000050;SECRETARIA DE URBANISMO E SUSTENTABILIDADE;GESTĂO AMBIENTAL;PRESERVAÇĂO E CONSERVAÇĂO AMBIENTAL;OUTROS SERVIÇOS DE TERCEIROS -  PESSOA JURÍDICA;RECURSOS PROPRIOS DE FUNDOS ESPECIAIS DE DESPESA - VINCULADOS;277.853,46;9.870,73;0,00
2026;01;30.10.3.3.90.39.18.541.0005.2.018.03.1000068;SECRETARIA DE URBANISMO E SUSTENTABILIDADE;GESTĂO AMBIENTAL;PRESERVAÇĂO E CONSERVAÇĂO AMBIENTAL;OUTROS SERVIÇOS DE TERCEIROS -  PESSOA JURÍDICA;RECURSOS PROPRIOS DE FUNDOS ESPECIAIS DE DESPESA - VINCULADOS;51.900,00;0,00;0,00
2026;01;35.10.3.1.90.11.15.451.0006.2.003.01.1100000;SECRETARIA DE GESTĂO DE OBRAS;URBANISMO;INFRA-ESTRUTURA URBANA;VENCIMENTOS E VANTAGENS FIXAS -  PESSOAL CIVIL;TESOURO;222.439,62;222.439,62;222.439,62
2026;01;35.10.3.3.90.14.15.451.0006.2.003.01.1100000;SECRETARIA DE GESTĂO DE OBRAS;URBANISMO;INFRA-ESTRUTURA URBANA;DIÁRIAS - PESSOAL CIVIL;TESOURO;864,00;864,00;864,00
2026;01;35.10.3.3.90.30.15.451.0006.2.019.01.1100000;SECRETARIA DE GESTĂO DE OBRAS;URBANISMO;INFRA-ESTRUTURA URBANA;MATERIAL DE CONSUMO;TESOURO;143.396,04;0,00;0,00
2026;01;35.10.3.3.90.36.15.451.0006.2.003.01.1100000;SECRETARIA DE GESTĂO DE OBRAS;URBANISMO;INFRA-ESTRUTURA URBANA;OUTROS SERVIÇOS DE TERCEIROS - PESSOA FÍSICA;TESOURO;5.198,91;5.198,91;5.198,91
2026;01;35.10.3.3.90.39.15.451.0006.2.003.01.1100000;SECRETARIA DE GESTĂO DE OBRAS;URBANISMO;INFRA-ESTRUTURA URBANA;OUTROS SERVIÇOS DE TERCEIROS -  PESSOA JURÍDICA;TESOURO;3.000,00;3.000,00;3.000,00
2026;01;35.10.3.3.90.39.15.451.0006.2.019.01.1100000;SECRETARIA DE GESTĂO DE OBRAS;URBANISMO;INFRA-ESTRUTURA URBANA;OUTROS SERVIÇOS DE TERCEIROS -  PESSOA JURÍDICA;TESOURO;15.507.352,32;226.196,38;550,00
2026;01;35.10.4.4.90.51.15.451.0006.1.001.01.1000137;SECRETARIA DE GESTĂO DE OBRAS;URBANISMO;INFRA-ESTRUTURA URBANA;OBRAS E INSTALAÇŐES;TESOURO;336.479,66;0,00;0,00
2026;01;35.10.4.4.90.51.15.451.0006.1.001.01.1000177;SECRETARIA DE GESTĂO DE OBRAS;URBANISMO;INFRA-ESTRUTURA URBANA;OBRAS E INSTALAÇŐES;TESOURO;315.000,00;0,00;0,00
2026;01;35.10.4.4.90.51.15.451.0006.1.001.01.1400000;SECRETARIA DE GESTĂO DE OBRAS;URBANISMO;INFRA-ESTRUTURA URBANA;OBRAS E INSTALAÇŐES;TESOURO;7.541.285,78;0,00;0,00
2026;01;35.10.4.4.90.51.15.451.0006.1.001.02.1000270;SECRETARIA DE GESTĂO DE OBRAS;URBANISMO;INFRA-ESTRUTURA URBANA;OBRAS E INSTALAÇŐES;TRANSFERENCIAS E CONVENIOS ESTADUAIS - VINCULADOS;787.847,96;0,00;0,00
2026;01;35.10.4.4.90.51.15.451.0006.1.001.03.1000134;SECRETARIA DE GESTĂO DE OBRAS;URBANISMO;INFRA-ESTRUTURA URBANA;OBRAS E INSTALAÇŐES;RECURSOS PROPRIOS DE FUNDOS ESPECIAIS DE DESPESA - VINCULADOS;2.237.934,34;0,00;0,00
2026;01;35.10.4.4.90.51.15.451.0006.1.001.03.5000072;SECRETARIA DE GESTĂO DE OBRAS;URBANISMO;INFRA-ESTRUTURA URBANA;OBRAS E INSTALAÇŐES;RECURSOS PROPRIOS DE FUNDOS ESPECIAIS DE DESPESA - VINCULADOS;385.000,00;56.267,86;0,00
2026;01;35.10.4.4.90.51.15.451.0006.1.001.91.1000177;SECRETARIA DE GESTĂO DE OBRAS;URBANISMO;INFRA-ESTRUTURA URBANA;OBRAS E INSTALAÇŐES;TESOURO - EXERCÍCIO ANTERIOR;55.751,98;0,00;0,00
2026;01;35.10.4.4.90.51.15.451.0006.1.001.93.1000134;SECRETARIA DE GESTĂO DE OBRAS;URBANISMO;INFRA-ESTRUTURA URBANA;OBRAS E INSTALAÇŐES;RECURSOS PROPRIOS DE FUNDOS ESPECIAIS DE DESPESA - VINCULADOS - EXERCÍCIO ANTERIOR;3.429.796,00;0,00;0,00
2026;01;35.10.4.4.90.52.15.451.0006.2.019.93.1000050;SECRETARIA DE GESTĂO DE OBRAS;URBANISMO;INFRA-ESTRUTURA URBANA;EQUIPAMENTOS E MATERIAL PERMANENTE;RECURSOS PROPRIOS DE FUNDOS ESPECIAIS DE DESPESA - VINCULADOS - EXERCÍCIO ANTERIOR;34.255,00;0,00;0,00
2026;01;40.10.3.1.90.11.12.122.0007.2.024.01.1100000;SECRETARIA DE EDUCAÇĂO E CIDADANIA;EDUCAÇĂO;ADMINISTRAÇĂO GERAL;VENCIMENTOS E VANTAGENS FIXAS -  PESSOAL CIVIL;TESOURO;25.034,66;25.034,66;25.034,66
2026;01;40.10.3.1.90.11.12.361.0007.2.029.01.2200000;SECRETARIA DE EDUCAÇĂO E CIDADANIA;EDUCAÇĂO;ENSINO FUNDAMENTAL;VENCIMENTOS E VANTAGENS FIXAS -  PESSOAL CIVIL;TESOURO;311.721,82;311.721,82;311.721,82
2026;01;40.10.3.3.50.39.12.361.0007.2.027.01.2200000;SECRETARIA DE EDUCAÇĂO E CIDADANIA;EDUCAÇĂO;ENSINO FUNDAMENTAL;OUTROS SERVIÇOS DE TERCEIROS -PESSOA JURÍDICA;TESOURO;7.064.099,30;1.743.082,90;854.306,54
2026;01;40.10.3.3.50.39.12.365.0007.2.021.01.2100000;SECRETARIA DE EDUCAÇĂO E CIDADANIA;EDUCAÇĂO;EDUCAÇĂO INFANTIL;OUTROS SERVIÇOS DE TERCEIROS -PESSOA JURÍDICA;TESOURO;67.685.700,64;16.660.904,76;9.758.524,35
2026;01;40.10.3.3.50.39.12.367.0007.2.026.01.2400000;SECRETARIA DE EDUCAÇĂO E CIDADANIA;EDUCAÇĂO;EDUCAÇĂO ESPECIAL;OUTROS SERVIÇOS DE TERCEIROS -PESSOA JURÍDICA;TESOURO;18.695.273,01;4.565.025,86;2.214.349,40
2026;01;40.10.3.3.90.08.12.361.0007.2.027.01.2200000;SECRETARIA DE EDUCAÇĂO E CIDADANIA;EDUCAÇĂO;ENSINO FUNDAMENTAL;OUTROS BENEFÍCIOS ASSISTENCIAIS DO SERVIDOR E DO MILITAR;TESOURO;61.349,03;61.349,03;61.349,03
2026;01;40.10.3.3.90.08.12.361.0007.2.029.01.2200000;SECRETARIA DE EDUCAÇĂO E CIDADANIA;EDUCAÇĂO;ENSINO FUNDAMENTAL;OUTROS BENEFÍCIOS ASSISTENCIAIS DO SERVIDOR E DO MILITAR;TESOURO;5.008,15;5.008,15;5.008,15
2026;01;40.10.3.3.90.08.12.365.0007.2.028.01.2120000;SECRETARIA DE EDUCAÇĂO E CIDADANIA;EDUCAÇĂO;EDUCAÇĂO INFANTIL;OUTROS BENEFÍCIOS ASSISTENCIAIS DO SERVIDOR E DO MILITAR;TESOURO;62.814,05;62.814,05;62.814,05
2026;01;40.10.3.3.90.08.12.367.0007.2.026.01.2400000;SECRETARIA DE EDUCAÇĂO E CIDADANIA;EDUCAÇĂO;EDUCAÇĂO ESPECIAL;OUTROS BENEFÍCIOS ASSISTENCIAIS DO SERVIDOR E DO MILITAR;TESOURO;944,60;944,60;944,60
2026;01;40.10.3.3.90.14.12.361.0007.2.029.01.2200000;SECRETARIA DE EDUCAÇĂO E CIDADANIA;EDUCAÇĂO;ENSINO FUNDAMENTAL;DIÁRIAS - PESSOAL CIVIL;TESOURO;2.000,00;2.000,00;2.000,00
2026;01;40.10.3.3.90.30.12.306.0007.2.020.05.2830011;SECRETARIA DE EDUCAÇĂO E CIDADANIA;EDUCAÇĂO;ALIMENTAÇĂO E NUTRIÇĂO;MATERIAL DE CONSUMO;TRANSFERENCIAS E CONVENIOS FEDERAIS - VINCULADOS;2.353.499,71;252.966,41;0,00
2026;01;40.10.3.3.90.30.12.306.0007.2.020.05.2840011;SECRETARIA DE EDUCAÇĂO E CIDADANIA;EDUCAÇĂO;ALIMENTAÇĂO E NUTRIÇĂO;MATERIAL DE CONSUMO;TRANSFERENCIAS E CONVENIOS FEDERAIS - VINCULADOS;2.778.352,66;68.591,28;2.382,40
2026;01;40.10.3.3.90.30.12.306.0007.2.020.05.2850011;SECRETARIA DE EDUCAÇĂO E CIDADANIA;EDUCAÇĂO;ALIMENTAÇĂO E NUTRIÇĂO;MATERIAL DE CONSUMO;TRANSFERENCIAS E CONVENIOS FEDERAIS - VINCULADOS;1.019.106,83;66.477,83;0,00
2026;01;40.10.3.3.90.30.12.361.0007.2.027.01.2200000;SECRETARIA DE EDUCAÇĂO E CIDADANIA;EDUCAÇĂO;ENSINO FUNDAMENTAL;MATERIAL DE CONSUMO;TESOURO;34.839.757,38;22.762.971,29;0,00
2026;01;40.10.3.3.90.30.12.361.0007.2.029.01.2200000;SECRETARIA DE EDUCAÇĂO E CIDADANIA;EDUCAÇĂO;ENSINO FUNDAMENTAL;MATERIAL DE CONSUMO;TESOURO;2.552.536,44;1.068.100,55;40.151,99
2026;01;40.10.3.3.90.30.12.365.0007.2.028.01.2120000;SECRETARIA DE EDUCAÇĂO E CIDADANIA;EDUCAÇĂO;EDUCAÇĂO INFANTIL;MATERIAL DE CONSUMO;TESOURO;1.000.000,00;683.972,14;0,00
2026;01;40.10.3.3.90.30.12.365.0007.2.028.01.2130000;SECRETARIA DE EDUCAÇĂO E CIDADANIA;EDUCAÇĂO;EDUCAÇĂO INFANTIL;MATERIAL DE CONSUMO;TESOURO;543.425,52;522.885,52;0,00
2026;01;40.10.3.3.90.36.12.361.0007.2.027.01.2200000;SECRETARIA DE EDUCAÇĂO E CIDADANIA;EDUCAÇĂO;ENSINO FUNDAMENTAL;OUTROS SERVIÇOS DE TERCEIROS - PESSOA FÍSICA;TESOURO;8.835,36;8.835,36;8.835,36
2026;01;40.10.3.3.90.36.12.361.0007.2.029.01.2200000;SECRETARIA DE EDUCAÇĂO E CIDADANIA;EDUCAÇĂO;ENSINO FUNDAMENTAL;OUTROS SERVIÇOS DE TERCEIROS - PESSOA FÍSICA;TESOURO;13.484,74;13.484,74;13.484,74
2026;01;40.10.3.3.90.36.12.361.0007.2.032.01.2200000;SECRETARIA DE EDUCAÇĂO E CIDADANIA;EDUCAÇĂO;ENSINO FUNDAMENTAL;OUTROS SERVIÇOS DE TERCEIROS - PESSOA FÍSICA;TESOURO;1.226,20;0,00;0,00
2026;01;40.10.3.3.90.36.12.365.0007.2.028.01.2120000;SECRETARIA DE EDUCAÇĂO E CIDADANIA;EDUCAÇĂO;EDUCAÇĂO INFANTIL;OUTROS SERVIÇOS DE TERCEIROS - PESSOA FÍSICA;TESOURO;9.787,89;9.787,89;9.787,89
2026;01;40.10.3.3.90.36.12.365.0007.2.028.01.2130000;SECRETARIA DE EDUCAÇĂO E CIDADANIA;EDUCAÇĂO;EDUCAÇĂO INFANTIL;OUTROS SERVIÇOS DE TERCEIROS - PESSOA FÍSICA;TESOURO;218.240,30;218.240,30;218.240,30
2026;01;40.10.3.3.90.37.12.361.0007.2.027.01.2200000;SECRETARIA DE EDUCAÇĂO E CIDADANIA;EDUCAÇĂO;ENSINO FUNDAMENTAL;LOCAÇĂO DE MĂO-DE-OBRA;TESOURO;12.500.000,00;462.503,16;0,00
2026;01;40.10.3.3.90.37.12.361.0007.2.029.01.2200000;SECRETARIA DE EDUCAÇĂO E CIDADANIA;EDUCAÇĂO;ENSINO FUNDAMENTAL;LOCAÇĂO DE MĂO-DE-OBRA;TESOURO;4.800.000,00;254.244,01;0,00
2026;01;40.10.3.3.90.37.12.365.0007.2.028.01.2120000;SECRETARIA DE EDUCAÇĂO E CIDADANIA;EDUCAÇĂO;EDUCAÇĂO INFANTIL;LOCAÇĂO DE MĂO-DE-OBRA;TESOURO;10.800.000,00;1.153.986,94;538.844,49
2026;01;40.10.3.3.90.37.12.365.0007.2.028.01.2130000;SECRETARIA DE EDUCAÇĂO E CIDADANIA;EDUCAÇĂO;EDUCAÇĂO INFANTIL;LOCAÇĂO DE MĂO-DE-OBRA;TESOURO;11.000.000,00;582.642,52;0,00
2026;01;40.10.3.3.90.39.04.122.0007.2.022.01.2200103;SECRETARIA DE EDUCAÇĂO E CIDADANIA;ADMINISTRAÇĂO;ADMINISTRAÇĂO GERAL;OUTROS SERVIÇOS DE TERCEIROS -  PESSOA JURÍDICA;TESOURO;6.808.814,53;584.354,87;0,00
2026;01;40.10.3.3.90.39.12.122.0007.2.024.01.1100000;SECRETARIA DE EDUCAÇĂO E CIDADANIA;EDUCAÇĂO;ADMINISTRAÇĂO GERAL;OUTROS SERVIÇOS DE TERCEIROS -  PESSOA JURÍDICA;TESOURO;1.000,00;0,00;0,00
2026;01;40.10.3.3.90.39.12.306.0007.2.020.01.2200000;SECRETARIA DE EDUCAÇĂO E CIDADANIA;EDUCAÇĂO;ALIMENTAÇĂO E NUTRIÇĂO;OUTROS SERVIÇOS DE TERCEIROS -  PESSOA JURÍDICA;TESOURO;62.800.000,00;0,00;0,00
2026;01;40.10.3.3.90.39.12.306.0007.2.020.05.2810032;SECRETARIA DE EDUCAÇĂO E CIDADANIA;EDUCAÇĂO;ALIMENTAÇĂO E NUTRIÇĂO;OUTROS SERVIÇOS DE TERCEIROS -  PESSOA JURÍDICA;TRANSFERENCIAS E CONVENIOS FEDERAIS - VINCULADOS;11.600.000,00;0,00;0,00
2026;01;40.10.3.3.90.39.12.306.0007.2.020.05.2820032;SECRETARIA DE EDUCAÇĂO E CIDADANIA;EDUCAÇĂO;ALIMENTAÇĂO E NUTRIÇĂO;OUTROS SERVIÇOS DE TERCEIROS -  PESSOA JURÍDICA;TRANSFERENCIAS E CONVENIOS FEDERAIS - VINCULADOS;19.500.000,00;0,00;0,00
2026;01;40.10.3.3.90.39.12.361.0007.2.027.01.2200000;SECRETARIA DE EDUCAÇĂO E CIDADANIA;EDUCAÇĂO;ENSINO FUNDAMENTAL;OUTROS SERVIÇOS DE TERCEIROS -  PESSOA JURÍDICA;TESOURO;23.728.869,56;1.669.024,66;9.781,80
2026;01;40.10.3.3.90.39.12.361.0007.2.029.01.2200000;SECRETARIA DE EDUCAÇĂO E CIDADANIA;EDUCAÇĂO;ENSINO FUNDAMENTAL;OUTROS SERVIÇOS DE TERCEIROS -  PESSOA JURÍDICA;TESOURO;4.813.259,23;243.921,13;10.271,40
2026;01;40.10.3.3.90.39.12.361.0007.2.031.01.2200000;SECRETARIA DE EDUCAÇĂO E CIDADANIA;EDUCAÇĂO;ENSINO FUNDAMENTAL;OUTROS SERVIÇOS DE TERCEIROS -  PESSOA JURÍDICA;TESOURO;12.600.000,00;0,00;0,00
2026;01;40.10.3.3.90.39.12.361.0007.2.032.01.2200000;SECRETARIA DE EDUCAÇĂO E CIDADANIA;EDUCAÇĂO;ENSINO FUNDAMENTAL;OUTROS SERVIÇOS DE TERCEIROS -  PESSOA JURÍDICA;TESOURO;535.459,21;383.845,75;383.598,43
2026;01;40.10.3.3.90.39.12.361.0007.2.032.02.2200013;SECRETARIA DE EDUCAÇĂO E CIDADANIA;EDUCAÇĂO;ENSINO FUNDAMENTAL;OUTROS SERVIÇOS DE TERCEIROS -  PESSOA JURÍDICA;TRANSFERENCIAS E CONVENIOS ESTADUAIS - VINCULADOS;3.270.641,70;0,00;0,00
2026;01;40.10.3.3.90.39.12.365.0007.2.028.01.2120000;SECRETARIA DE EDUCAÇĂO E CIDADANIA;EDUCAÇĂO;EDUCAÇĂO INFANTIL;OUTROS SERVIÇOS DE TERCEIROS -  PESSOA JURÍDICA;TESOURO;9.698.839,58;1.938,00;1.938,00
2026;01;40.10.3.3.90.39.12.365.0007.2.028.01.2130000;SECRETARIA DE EDUCAÇĂO E CIDADANIA;EDUCAÇĂO;EDUCAÇĂO INFANTIL;OUTROS SERVIÇOS DE TERCEIROS -  PESSOA JURÍDICA;TESOURO;6.099.852,87;19.631,37;15.840,60
2026;01;40.10.3.3.90.40.12.361.0007.2.029.01.2200000;SECRETARIA DE EDUCAÇĂO E CIDADANIA;EDUCAÇĂO;ENSINO FUNDAMENTAL;SERVIÇOS DE TECNOLOGIA DA INFORMAÇĂO E COMUNICAÇĂO - PJ;TESOURO;18.754.747,11;1.779.079,11;0,00
2026;01;40.10.3.3.90.46.12.122.0007.2.024.01.1100000;SECRETARIA DE EDUCAÇĂO E CIDADANIA;EDUCAÇĂO;ADMINISTRAÇĂO GERAL;AUXÍLIO ALIMENTAÇĂO;TESOURO;459,00;459,00;459,00
2026;01;40.10.3.3.90.46.12.361.0007.2.027.01.2200000;SECRETARIA DE EDUCAÇĂO E CIDADANIA;EDUCAÇĂO;ENSINO FUNDAMENTAL;AUXÍLIO ALIMENTAÇĂO;TESOURO;621.833,38;621.833,38;621.833,38
2026;01;40.10.3.3.90.46.12.361.0007.2.029.01.2200000;SECRETARIA DE EDUCAÇĂO E CIDADANIA;EDUCAÇĂO;ENSINO FUNDAMENTAL;AUXÍLIO ALIMENTAÇĂO;TESOURO;92.755,08;92.755,08;92.755,08
2026;01;40.10.3.3.90.46.12.365.0007.2.028.01.2120000;SECRETARIA DE EDUCAÇĂO E CIDADANIA;EDUCAÇĂO;EDUCAÇĂO INFANTIL;AUXÍLIO ALIMENTAÇĂO;TESOURO;35.802,00;35.802,00;35.802,00
2026;01;40.10.3.3.90.46.12.365.0007.2.028.01.2130000;SECRETARIA DE EDUCAÇĂO E CIDADANIA;EDUCAÇĂO;EDUCAÇĂO INFANTIL;AUXÍLIO ALIMENTAÇĂO;TESOURO;492.453,00;492.453,00;492.453,00
2026;01;40.10.3.3.90.46.12.367.0007.2.026.01.2400000;SECRETARIA DE EDUCAÇĂO E CIDADANIA;EDUCAÇĂO;EDUCAÇĂO ESPECIAL;AUXÍLIO ALIMENTAÇĂO;TESOURO;8.181,00;8.181,00;8.181,00
2026;01;40.10.3.3.90.92.04.122.0007.2.022.01.2200103;SECRETARIA DE EDUCAÇĂO E CIDADANIA;ADMINISTRAÇĂO;ADMINISTRAÇĂO GERAL;DESPESAS DE EXERCÍCIOS ANTERIORES;TESOURO;15.845,67;15.845,67;15.845,67
2026;01;40.10.3.3.90.92.12.306.0007.2.020.01.2200000;SECRETARIA DE EDUCAÇĂO E CIDADANIA;EDUCAÇĂO;ALIMENTAÇĂO E NUTRIÇĂO;DESPESAS DE EXERCÍCIOS ANTERIORES;TESOURO;3.092.638,21;3.092.638,21;0,00
2026;01;40.10.3.3.90.92.12.361.0007.2.027.01.2200000;SECRETARIA DE EDUCAÇĂO E CIDADANIA;EDUCAÇĂO;ENSINO FUNDAMENTAL;DESPESAS DE EXERCÍCIOS ANTERIORES;TESOURO;2.938.843,71;890.927,68;666.323,54
2026;01;40.10.3.3.90.92.12.361.0007.2.029.01.2200000;SECRETARIA DE EDUCAÇĂO E CIDADANIA;EDUCAÇĂO;ENSINO FUNDAMENTAL;DESPESAS DE EXERCÍCIOS ANTERIORES;TESOURO;4.277,77;4.277,77;0,00
2026;01;40.10.3.3.90.92.12.361.0007.2.031.01.2200000;SECRETARIA DE EDUCAÇĂO E CIDADANIA;EDUCAÇĂO;ENSINO FUNDAMENTAL;DESPESAS DE EXERCÍCIOS ANTERIORES;TESOURO;1.690.000,00;910.057,56;482.946,07
2026;01;40.10.3.3.90.92.12.361.0007.2.032.01.2200000;SECRETARIA DE EDUCAÇĂO E CIDADANIA;EDUCAÇĂO;ENSINO FUNDAMENTAL;DESPESAS DE EXERCÍCIOS ANTERIORES;TESOURO;57.424,33;50.850,05;50.850,05
2026;01;40.10.3.3.90.93.12.361.0007.2.027.01.2200000;SECRETARIA DE EDUCAÇĂO E CIDADANIA;EDUCAÇĂO;ENSINO FUNDAMENTAL;INDENIZAÇŐES E RESTITUIÇŐES;TESOURO;331.144,30;331.144,30;104.913,87
2026;01;40.10.3.3.91.39.12.361.0007.2.027.01.2200000;SECRETARIA DE EDUCAÇĂO E CIDADANIA;EDUCAÇĂO;ENSINO FUNDAMENTAL;OUTROS SERVIÇOS DE TERCEIROS - PESSOA JURÍDICA;TESOURO;14.658.768,22;3.723.514,04;1.861.757,02
2026;01;40.10.4.4.90.51.12.361.0007.1.003.01.2200000;SECRETARIA DE EDUCAÇĂO E CIDADANIA;EDUCAÇĂO;ENSINO FUNDAMENTAL;OBRAS E INSTALAÇŐES;TESOURO;32.089.951,64;563.715,62;0,00
2026;01;40.10.4.4.90.51.12.365.0007.1.004.01.2120000;SECRETARIA DE EDUCAÇĂO E CIDADANIA;EDUCAÇĂO;EDUCAÇĂO INFANTIL;OBRAS E INSTALAÇŐES;TESOURO;3.362.143,50;0,00;0,00
2026;01;40.10.4.4.90.51.12.365.0007.1.004.01.2950261;SECRETARIA DE EDUCAÇĂO E CIDADANIA;EDUCAÇĂO;EDUCAÇĂO INFANTIL;OBRAS E INSTALAÇŐES;TESOURO;15.000,00;0,00;0,00
2026;01;40.10.4.4.90.51.12.365.0007.1.004.05.2950261;SECRETARIA DE EDUCAÇĂO E CIDADANIA;EDUCAÇĂO;EDUCAÇĂO INFANTIL;OBRAS E INSTALAÇŐES;TRANSFERENCIAS E CONVENIOS FEDERAIS - VINCULADOS;3.100.000,00;0,00;0,00
2026;01;40.10.4.4.90.52.12.361.0007.2.027.01.2200000;SECRETARIA DE EDUCAÇĂO E CIDADANIA;EDUCAÇĂO;ENSINO FUNDAMENTAL;EQUIPAMENTOS E MATERIAL PERMANENTE;TESOURO;714.625,32;188.408,32;1.874,40
2026;01;40.10.4.4.90.52.12.365.0007.2.028.01.2130000;SECRETARIA DE EDUCAÇĂO E CIDADANIA;EDUCAÇĂO;EDUCAÇĂO INFANTIL;EQUIPAMENTOS E MATERIAL PERMANENTE;TESOURO;446.614,71;26.720,00;5.300,00
2026;01;40.20.3.1.90.04.12.361.0007.2.036.02.2610000;SECRETARIA DE EDUCAÇĂO E CIDADANIA;EDUCAÇĂO;ENSINO FUNDAMENTAL;CONTRATAÇĂO POR TEMPO DETERMINADO;TRANSFERENCIAS E CONVENIOS ESTADUAIS - VINCULADOS;42.969,74;42.969,74;42.969,74
2026;01;40.20.3.1.90.04.12.365.0007.2.034.02.2710000;SECRETARIA DE EDUCAÇĂO E CIDADANIA;EDUCAÇĂO;EDUCAÇĂO INFANTIL;CONTRATAÇĂO POR TEMPO DETERMINADO;TRANSFERENCIAS E CONVENIOS ESTADUAIS - VINCULADOS;2.060,03;2.060,03;2.060,03
2026;01;40.20.3.1.90.04.12.365.0007.2.037.02.2720000;SECRETARIA DE EDUCAÇĂO E CIDADANIA;EDUCAÇĂO;EDUCAÇĂO INFANTIL;CONTRATAÇĂO POR TEMPO DETERMINADO;TRANSFERENCIAS E CONVENIOS ESTADUAIS - VINCULADOS;27.744,21;27.744,21;27.744,21
2026;01;40.20.3.1.90.11.12.361.0007.2.036.02.2610000;SECRETARIA DE EDUCAÇĂO E CIDADANIA;EDUCAÇĂO;ENSINO FUNDAMENTAL;VENCIMENTOS E VANTAGENS FIXAS -  PESSOAL CIVIL;TRANSFERENCIAS E CONVENIOS ESTADUAIS - VINCULADOS;24.369.719,76;24.369.719,76;24.364.080,14
2026;01;40.20.3.1.90.11.12.361.0007.2.038.02.2610000;SECRETARIA DE EDUCAÇĂO E CIDADANIA;EDUCAÇĂO;ENSINO FUNDAMENTAL;VENCIMENTOS E VANTAGENS FIXAS -  PESSOAL CIVIL;TRANSFERENCIAS E CONVENIOS ESTADUAIS - VINCULADOS;1.353.945,35;1.353.945,35;1.353.945,35
2026;01;40.20.3.1.90.11.12.365.0007.2.034.02.2710000;SECRETARIA DE EDUCAÇĂO E CIDADANIA;EDUCAÇĂO;EDUCAÇĂO INFANTIL;VENCIMENTOS E VANTAGENS FIXAS -  PESSOAL CIVIL;TRANSFERENCIAS E CONVENIOS ESTADUAIS - VINCULADOS;1.421.857,02;1.421.857,02;1.421.857,02
2026;01;40.20.3.1.90.11.12.365.0007.2.037.02.2720000;SECRETARIA DE EDUCAÇĂO E CIDADANIA;EDUCAÇĂO;EDUCAÇĂO INFANTIL;VENCIMENTOS E VANTAGENS FIXAS -  PESSOAL CIVIL;TRANSFERENCIAS E CONVENIOS ESTADUAIS - VINCULADOS;16.552.036,12;16.552.036,12;16.543.197,82
2026;01;40.20.3.1.90.11.12.367.0007.2.035.02.2610000;SECRETARIA DE EDUCAÇĂO E CIDADANIA;EDUCAÇĂO;EDUCAÇĂO ESPECIAL;VENCIMENTOS E VANTAGENS FIXAS -  PESSOAL CIVIL;TRANSFERENCIAS E CONVENIOS ESTADUAIS - VINCULADOS;369.733,20;369.733,20;369.733,20
2026;01;40.20.3.1.90.16.12.361.0007.2.036.02.2610000;SECRETARIA DE EDUCAÇĂO E CIDADANIA;EDUCAÇĂO;ENSINO FUNDAMENTAL;OUTRAS DESPESAS VARIÁVEIS - PESSOAL CIVIL;TRANSFERENCIAS E CONVENIOS ESTADUAIS - VINCULADOS;37.527,09;37.527,09;37.527,09
2026;01;40.20.3.1.90.16.12.361.0007.2.038.02.2610000;SECRETARIA DE EDUCAÇĂO E CIDADANIA;EDUCAÇĂO;ENSINO FUNDAMENTAL;OUTRAS DESPESAS VARIÁVEIS - PESSOAL CIVIL;TRANSFERENCIAS E CONVENIOS ESTADUAIS - VINCULADOS;6.679,47;6.679,47;6.679,47
2026;01;40.20.3.1.90.16.12.365.0007.2.037.02.2720000;SECRETARIA DE EDUCAÇĂO E CIDADANIA;EDUCAÇĂO;EDUCAÇĂO INFANTIL;OUTRAS DESPESAS VARIÁVEIS - PESSOAL CIVIL;TRANSFERENCIAS E CONVENIOS ESTADUAIS - VINCULADOS;30.358,85;30.358,85;30.358,85
2026;01;40.20.3.1.90.94.12.361.0007.2.036.02.2610000;SECRETARIA DE EDUCAÇĂO E CIDADANIA;EDUCAÇĂO;ENSINO FUNDAMENTAL;INDENIZAÇŐES E RESTITUIÇŐES TRABALHISTAS;TRANSFERENCIAS E CONVENIOS ESTADUAIS - VINCULADOS;202.501,88;202.501,88;202.501,88
2026;01;40.20.3.1.90.94.12.361.0007.2.038.02.2610000;SECRETARIA DE EDUCAÇĂO E CIDADANIA;EDUCAÇĂO;ENSINO FUNDAMENTAL;INDENIZAÇŐES E RESTITUIÇŐES TRABALHISTAS;TRANSFERENCIAS E CONVENIOS ESTADUAIS - VINCULADOS;374,28;374,28;374,28
2026;01;40.20.3.1.90.94.12.365.0007.2.037.02.2720000;SECRETARIA DE EDUCAÇĂO E CIDADANIA;EDUCAÇĂO;EDUCAÇĂO INFANTIL;INDENIZAÇŐES E RESTITUIÇŐES TRABALHISTAS;TRANSFERENCIAS E CONVENIOS ESTADUAIS - VINCULADOS;42.885,04;42.885,04;42.885,04
2026;01;40.20.3.3.50.39.12.365.0007.2.037.02.2740000;SECRETARIA DE EDUCAÇĂO E CIDADANIA;EDUCAÇĂO;EDUCAÇĂO INFANTIL;OUTROS SERVIÇOS DE TERCEIROS -PESSOA JURÍDICA;TRANSFERENCIAS E CONVENIOS ESTADUAIS - VINCULADOS;3.510.465,25;3.254.463,84;1.627.231,92
2026;01;45.10.3.1.90.11.27.812.0008.2.003.01.1100000;SECRETARIA DE ESPORTE E QUALIDADE DE VIDA;DESPORTO E LAZER;DESPORTO COMUNITÁRIO;VENCIMENTOS E VANTAGENS FIXAS -  PESSOAL CIVIL;TESOURO;552.650,89;552.650,89;552.650,89
2026;01;45.10.3.3.50.39.27.812.0008.2.039.01.1100000;SECRETARIA DE ESPORTE E QUALIDADE DE VIDA;DESPORTO E LAZER;DESPORTO COMUNITÁRIO;OUTROS SERVIÇOS DE TERCEIROS -PESSOA JURÍDICA;TESOURO;567.366,03;82.106,21;82.106,21
2026;01;45.10.3.3.50.85.27.812.0008.2.039.01.1100000;SECRETARIA DE ESPORTE E QUALIDADE DE VIDA;DESPORTO E LAZER;DESPORTO COMUNITÁRIO;CONTRATO DE GESTĂO-;TESOURO;20.191.519,04;4.379.173,44;2.189.246,86
2026;01;45.10.3.3.90.30.27.812.0008.2.039.01.1100000;SECRETARIA DE ESPORTE E QUALIDADE DE VIDA;DESPORTO E LAZER;DESPORTO COMUNITÁRIO;MATERIAL DE CONSUMO;TESOURO;91.422,48;5.484,57;0,00
2026;01;45.10.3.3.90.30.27.812.0008.2.040.01.1100000;SECRETARIA DE ESPORTE E QUALIDADE DE VIDA;DESPORTO E LAZER;DESPORTO COMUNITÁRIO;MATERIAL DE CONSUMO;TESOURO;17.977,86;7.662,96;0,00
2026;01;45.10.3.3.90.30.27.812.0008.2.041.01.1100000;SECRETARIA DE ESPORTE E QUALIDADE DE VIDA;DESPORTO E LAZER;DESPORTO COMUNITÁRIO;MATERIAL DE CONSUMO;TESOURO;134.097,00;10.248,00;0,00
2026;01;45.10.3.3.90.30.27.812.0008.2.042.01.1100000;SECRETARIA DE ESPORTE E QUALIDADE DE VIDA;DESPORTO E LAZER;DESPORTO COMUNITÁRIO;MATERIAL DE CONSUMO;TESOURO;119.880,00;0,00;0,00
2026;01;45.10.3.3.90.31.27.812.0008.2.041.01.1100000;SECRETARIA DE ESPORTE E QUALIDADE DE VIDA;DESPORTO E LAZER;DESPORTO COMUNITÁRIO;PREMIAÇŐES CULTURAIS, ARTÍSTICAS, CIENTÍFICAS, DESPORTIVAS E OUTRAS;TESOURO;70.580,10;0,00;0,00
2026;01;45.10.3.3.90.36.27.812.0008.2.003.01.1100000;SECRETARIA DE ESPORTE E QUALIDADE DE VIDA;DESPORTO E LAZER;DESPORTO COMUNITÁRIO;OUTROS SERVIÇOS DE TERCEIROS - PESSOA FÍSICA;TESOURO;12.278,13;12.278,13;12.278,13
2026;01;45.10.3.3.90.36.27.812.0008.2.039.01.1100000;SECRETARIA DE ESPORTE E QUALIDADE DE VIDA;DESPORTO E LAZER;DESPORTO COMUNITÁRIO;OUTROS SERVIÇOS DE TERCEIROS - PESSOA FÍSICA;TESOURO;6.715,55;2.815,55;1.922,75
2026;01;45.10.3.3.90.39.27.812.0008.2.039.01.1100000;SECRETARIA DE ESPORTE E QUALIDADE DE VIDA;DESPORTO E LAZER;DESPORTO COMUNITÁRIO;OUTROS SERVIÇOS DE TERCEIROS -  PESSOA JURÍDICA;TESOURO;2.558.939,81;59.906,75;10.249,39
2026;01;45.10.3.3.90.39.27.812.0008.2.040.01.1100000;SECRETARIA DE ESPORTE E QUALIDADE DE VIDA;DESPORTO E LAZER;DESPORTO COMUNITÁRIO;OUTROS SERVIÇOS DE TERCEIROS -  PESSOA JURÍDICA;TESOURO;252.190,20;0,00;0,00
2026;01;45.10.3.3.90.39.27.812.0008.2.041.01.1100000;SECRETARIA DE ESPORTE E QUALIDADE DE VIDA;DESPORTO E LAZER;DESPORTO COMUNITÁRIO;OUTROS SERVIÇOS DE TERCEIROS -  PESSOA JURÍDICA;TESOURO;732.056,32;9.490,00;0,00
2026;01;45.10.3.3.90.39.27.812.0008.2.042.01.1100000;SECRETARIA DE ESPORTE E QUALIDADE DE VIDA;DESPORTO E LAZER;DESPORTO COMUNITÁRIO;OUTROS SERVIÇOS DE TERCEIROS -  PESSOA JURÍDICA;TESOURO;3.469.948,89;1.464.949,11;323.423,00
2026;01;45.10.3.3.90.48.27.812.0008.2.042.01.1100000;SECRETARIA DE ESPORTE E QUALIDADE DE VIDA;DESPORTO E LAZER;DESPORTO COMUNITÁRIO;OUTROS AUXÍLIOS FINANCEIROS A PESSOA FÍSICA;TESOURO;582.967,21;582.967,21;0,00
2026;01;45.10.3.3.90.92.27.812.0008.2.039.01.1100000;SECRETARIA DE ESPORTE E QUALIDADE DE VIDA;DESPORTO E LAZER;DESPORTO COMUNITÁRIO;DESPESAS DE EXERCÍCIOS ANTERIORES;TESOURO;56.416,63;56.416,63;0,00
2026;01;45.10.3.3.90.92.27.812.0008.2.040.01.1100000;SECRETARIA DE ESPORTE E QUALIDADE DE VIDA;DESPORTO E LAZER;DESPORTO COMUNITÁRIO;DESPESAS DE EXERCÍCIOS ANTERIORES;TESOURO;234.440,26;234.440,26;193.067,05
2026;01;45.10.3.3.90.92.27.812.0008.2.041.01.1100000;SECRETARIA DE ESPORTE E QUALIDADE DE VIDA;DESPORTO E LAZER;DESPORTO COMUNITÁRIO;DESPESAS DE EXERCÍCIOS ANTERIORES;TESOURO;1.728,00;1.728,00;0,00
2026;01;45.10.3.3.90.92.27.812.0008.2.042.01.1100000;SECRETARIA DE ESPORTE E QUALIDADE DE VIDA;DESPORTO E LAZER;DESPORTO COMUNITÁRIO;DESPESAS DE EXERCÍCIOS ANTERIORES;TESOURO;70.548,22;70.548,22;0,00
2026;01;45.10.4.4.90.51.27.812.0008.1.005.01.1100000;SECRETARIA DE ESPORTE E QUALIDADE DE VIDA;DESPORTO E LAZER;DESPORTO COMUNITÁRIO;OBRAS E INSTALAÇŐES;TESOURO;55.253,71;0,00;0,00
2026;01;45.10.4.4.90.52.27.812.0008.2.039.01.1100000;SECRETARIA DE ESPORTE E QUALIDADE DE VIDA;DESPORTO E LAZER;DESPORTO COMUNITÁRIO;EQUIPAMENTOS E MATERIAL PERMANENTE;TESOURO;110.631,72;56.562,22;0,00
2026;01;50.10.3.1.90.11.08.244.0009.2.003.01.5100000;SECRETARIA DE APOIO SOCIAL AO CIDADĂO;ASSISTĘNCIA SOCIAL;ASSISTĘNCIA COMUNITÁRIA;VENCIMENTOS E VANTAGENS FIXAS -  PESSOAL CIVIL;TESOURO;883.056,27;883.056,27;883.056,27
2026;01;50.10.3.3.50.39.08.244.0009.2.043.01.5100000;SECRETARIA DE APOIO SOCIAL AO CIDADĂO;ASSISTĘNCIA SOCIAL;ASSISTĘNCIA COMUNITÁRIA;OUTROS SERVIÇOS DE TERCEIROS -PESSOA JURÍDICA;TESOURO;25.185.892,33;6.021.045,18;3.199.494,73
2026;01;50.10.3.3.50.39.08.244.0009.2.043.05.5000276;SECRETARIA DE APOIO SOCIAL AO CIDADĂO;ASSISTĘNCIA SOCIAL;ASSISTĘNCIA COMUNITÁRIA;OUTROS SERVIÇOS DE TERCEIROS -PESSOA JURÍDICA;TRANSFERENCIAS E CONVENIOS FEDERAIS - VINCULADOS;1.099.671,47;99.671,47;99.671,47
2026;01;50.10.3.3.50.39.08.244.0009.2.044.01.5100000;SECRETARIA DE APOIO SOCIAL AO CIDADĂO;ASSISTĘNCIA SOCIAL;ASSISTĘNCIA COMUNITÁRIA;OUTROS SERVIÇOS DE TERCEIROS -PESSOA JURÍDICA;TESOURO;45.881.206,44;5.649.514,40;3.608.072,37
2026;01;50.10.3.3.50.39.08.244.0009.2.044.03.5000072;SECRETARIA DE APOIO SOCIAL AO CIDADĂO;ASSISTĘNCIA SOCIAL;ASSISTĘNCIA COMUNITÁRIA;OUTROS SERVIÇOS DE TERCEIROS -PESSOA JURÍDICA;RECURSOS PROPRIOS DE FUNDOS ESPECIAIS DE DESPESA - VINCULADOS;107.284,16;107.284,16;0,00
2026;01;50.10.3.3.50.39.08.244.0009.2.044.03.5000193;SECRETARIA DE APOIO SOCIAL AO CIDADĂO;ASSISTĘNCIA SOCIAL;ASSISTĘNCIA COMUNITÁRIA;OUTROS SERVIÇOS DE TERCEIROS -PESSOA JURÍDICA;RECURSOS PROPRIOS DE FUNDOS ESPECIAIS DE DESPESA - VINCULADOS;307.477,15;53.531,15;53.531,15
2026;01;50.10.3.3.50.92.08.244.0009.2.043.01.5100000;SECRETARIA DE APOIO SOCIAL AO CIDADĂO;ASSISTĘNCIA SOCIAL;ASSISTĘNCIA COMUNITÁRIA;DESPESAS DE EXERCÍCIOS ANTERIORES;TESOURO;51.043,98;51.043,98;0,00
2026;01;50.10.3.3.90.14.08.244.0009.2.003.01.5100000;SECRETARIA DE APOIO SOCIAL AO CIDADĂO;ASSISTĘNCIA SOCIAL;ASSISTĘNCIA COMUNITÁRIA;DIÁRIAS - PESSOAL CIVIL;TESOURO;1.080,00;1.080,00;1.080,00
2026;01;50.10.3.3.90.30.08.244.0009.2.003.01.5100000;SECRETARIA DE APOIO SOCIAL AO CIDADĂO;ASSISTĘNCIA SOCIAL;ASSISTĘNCIA COMUNITÁRIA;MATERIAL DE CONSUMO;TESOURO;7.000,00;7.000,00;4.000,00
2026;01;50.10.3.3.90.30.08.244.0009.2.045.01.5100000;SECRETARIA DE APOIO SOCIAL AO CIDADĂO;ASSISTĘNCIA SOCIAL;ASSISTĘNCIA COMUNITÁRIA;MATERIAL DE CONSUMO;TESOURO;84.632,00;160,00;0,00
2026;01;50.10.3.3.90.32.08.244.0009.2.044.01.5100000;SECRETARIA DE APOIO SOCIAL AO CIDADĂO;ASSISTĘNCIA SOCIAL;ASSISTĘNCIA COMUNITÁRIA;MATERIAL, BEM OU SERVIÇO PARA DISTRIBUIÇĂO GRATUITA;TESOURO;450.000,00;35.000,00;35.000,00
2026;01;50.10.3.3.90.36.08.244.0009.2.003.01.5100000;SECRETARIA DE APOIO SOCIAL AO CIDADĂO;ASSISTĘNCIA SOCIAL;ASSISTĘNCIA COMUNITÁRIA;OUTROS SERVIÇOS DE TERCEIROS - PESSOA FÍSICA;TESOURO;12.019,89;12.019,89;12.019,89
2026;01;50.10.3.3.90.36.08.244.0009.2.043.05.5000275;SECRETARIA DE APOIO SOCIAL AO CIDADĂO;ASSISTĘNCIA SOCIAL;ASSISTĘNCIA COMUNITÁRIA;OUTROS SERVIÇOS DE TERCEIROS - PESSOA FÍSICA;TRANSFERENCIAS E CONVENIOS FEDERAIS - VINCULADOS;72.967,76;21.104,18;8.669,80
2026;01;50.10.3.3.90.36.08.244.0009.2.043.05.5000276;SECRETARIA DE APOIO SOCIAL AO CIDADĂO;ASSISTĘNCIA SOCIAL;ASSISTĘNCIA COMUNITÁRIA;OUTROS SERVIÇOS DE TERCEIROS - PESSOA FÍSICA;TRANSFERENCIAS E CONVENIOS FEDERAIS - VINCULADOS;14.473,22;9.648,80;4.824,40
2026;01;50.10.3.3.90.36.08.244.0009.2.046.01.5100000;SECRETARIA DE APOIO SOCIAL AO CIDADĂO;ASSISTĘNCIA SOCIAL;ASSISTĘNCIA COMUNITÁRIA;OUTROS SERVIÇOS DE TERCEIROS - PESSOA FÍSICA;TESOURO;379.352,60;83.203,86;40.066,16
2026;01;50.10.3.3.90.39.08.244.0009.2.003.01.5100000;SECRETARIA DE APOIO SOCIAL AO CIDADĂO;ASSISTĘNCIA SOCIAL;ASSISTĘNCIA COMUNITÁRIA;OUTROS SERVIÇOS DE TERCEIROS -  PESSOA JURÍDICA;TESOURO;1.000,00;1.000,00;1.000,00
2026;01;50.10.3.3.90.39.08.244.0009.2.043.05.5000276;SECRETARIA DE APOIO SOCIAL AO CIDADĂO;ASSISTĘNCIA SOCIAL;ASSISTĘNCIA COMUNITÁRIA;OUTROS SERVIÇOS DE TERCEIROS -  PESSOA JURÍDICA;TRANSFERENCIAS E CONVENIOS FEDERAIS - VINCULADOS;76.285,24;0,00;0,00
2026;01;50.10.3.3.90.39.08.244.0009.2.045.01.5100000;SECRETARIA DE APOIO SOCIAL AO CIDADĂO;ASSISTĘNCIA SOCIAL;ASSISTĘNCIA COMUNITÁRIA;OUTROS SERVIÇOS DE TERCEIROS -  PESSOA JURÍDICA;TESOURO;4.756.005,51;342.501,49;980,00
2026;01;50.10.3.3.90.39.08.244.0009.2.046.01.5100000;SECRETARIA DE APOIO SOCIAL AO CIDADĂO;ASSISTĘNCIA SOCIAL;ASSISTĘNCIA COMUNITÁRIA;OUTROS SERVIÇOS DE TERCEIROS -  PESSOA JURÍDICA;TESOURO;105.417,54;31.150,73;7.682,31
2026;01;50.10.3.3.90.40.08.244.0009.2.045.01.5100000;SECRETARIA DE APOIO SOCIAL AO CIDADĂO;ASSISTĘNCIA SOCIAL;ASSISTĘNCIA COMUNITÁRIA;SERVIÇOS DE TECNOLOGIA DA INFORMAÇĂO E COMUNICAÇĂO - PJ;TESOURO;318.029,39;0,00;0,00
2026;01;50.10.3.3.90.48.08.244.0009.2.043.01.5100000;SECRETARIA DE APOIO SOCIAL AO CIDADĂO;ASSISTĘNCIA SOCIAL;ASSISTĘNCIA COMUNITÁRIA;OUTROS AUXÍLIOS FINANCEIROS A PESSOA FÍSICA;TESOURO;424.900,00;424.900,00;421.400,00
2026;01;50.10.3.3.90.48.08.244.0009.2.043.02.5000213;SECRETARIA DE APOIO SOCIAL AO CIDADĂO;ASSISTĘNCIA SOCIAL;ASSISTĘNCIA COMUNITÁRIA;OUTROS AUXÍLIOS FINANCEIROS A PESSOA FÍSICA;TRANSFERENCIAS E CONVENIOS ESTADUAIS - VINCULADOS;5.200,00;5.200,00;5.200,00
2026;01;50.10.3.3.90.92.08.244.0009.2.045.01.5100000;SECRETARIA DE APOIO SOCIAL AO CIDADĂO;ASSISTĘNCIA SOCIAL;ASSISTĘNCIA COMUNITÁRIA;DESPESAS DE EXERCÍCIOS ANTERIORES;TESOURO;267.973,06;267.973,06;99.071,81
2026;01;55.10.3.1.90.11.04.452.0010.2.003.01.1100000;SECRETARIA DE MANUTENÇĂO DA CIDADE;ADMINISTRAÇĂO;SERVIÇOS URBANOS;VENCIMENTOS E VANTAGENS FIXAS -  PESSOAL CIVIL;TESOURO;1.666.174,87;1.666.174,87;1.666.174,87
2026;01;55.10.3.3.50.39.17.512.0010.2.047.01.1100000;SECRETARIA DE MANUTENÇĂO DA CIDADE;SANEAMENTO;SANEAMENTO BÁSICO URBANO;OUTROS SERVIÇOS DE TERCEIROS -PESSOA JURÍDICA;TESOURO;569.626,28;0,00;0,00
2026;01;55.10.3.3.90.30.04.452.0010.2.003.01.1100000;SECRETARIA DE MANUTENÇĂO DA CIDADE;ADMINISTRAÇĂO;SERVIÇOS URBANOS;MATERIAL DE CONSUMO;TESOURO;139,00;139,00;0,00
2026;01;55.10.3.3.90.30.04.452.0010.2.048.01.1100000;SECRETARIA DE MANUTENÇĂO DA CIDADE;ADMINISTRAÇĂO;SERVIÇOS URBANOS;MATERIAL DE CONSUMO;TESOURO;5.932.335,80;446.188,86;237.911,22
2026;01;55.10.3.3.90.30.15.452.0010.2.050.01.1100000;SECRETARIA DE MANUTENÇĂO DA CIDADE;URBANISMO;SERVIÇOS URBANOS;MATERIAL DE CONSUMO;TESOURO;1.435.201,58;225.607,82;0,00
2026;01;55.10.3.3.90.30.17.512.0010.2.047.01.1100000;SECRETARIA DE MANUTENÇĂO DA CIDADE;SANEAMENTO;SANEAMENTO BÁSICO URBANO;MATERIAL DE CONSUMO;TESOURO;444.973,57;408.160,00;0,00
2026;01;55.10.3.3.90.36.04.452.0010.2.003.01.1100000;SECRETARIA DE MANUTENÇĂO DA CIDADE;ADMINISTRAÇĂO;SERVIÇOS URBANOS;OUTROS SERVIÇOS DE TERCEIROS - PESSOA FÍSICA;TESOURO;4.872,12;4.872,12;4.872,12
2026;01;55.10.3.3.90.39.04.452.0010.2.003.01.1100000;SECRETARIA DE MANUTENÇĂO DA CIDADE;ADMINISTRAÇĂO;SERVIÇOS URBANOS;OUTROS SERVIÇOS DE TERCEIROS -  PESSOA JURÍDICA;TESOURO;172,00;172,00;172,00
2026;01;55.10.3.3.90.39.04.452.0010.2.048.01.1100000;SECRETARIA DE MANUTENÇĂO DA CIDADE;ADMINISTRAÇĂO;SERVIÇOS URBANOS;OUTROS SERVIÇOS DE TERCEIROS -  PESSOA JURÍDICA;TESOURO;9.457,00;0,00;0,00
2026;01;55.10.3.3.90.39.15.451.0010.2.049.03.1000081;SECRETARIA DE MANUTENÇĂO DA CIDADE;URBANISMO;INFRA-ESTRUTURA URBANA;OUTROS SERVIÇOS DE TERCEIROS -  PESSOA JURÍDICA;RECURSOS PROPRIOS DE FUNDOS ESPECIAIS DE DESPESA - VINCULADOS;21.108.266,41;162.673,28;108,39
2026;01;55.10.3.3.90.39.15.452.0010.2.050.01.1100000;SECRETARIA DE MANUTENÇĂO DA CIDADE;URBANISMO;SERVIÇOS URBANOS;OUTROS SERVIÇOS DE TERCEIROS -  PESSOA JURÍDICA;TESOURO;70.462.920,49;2.376.429,60;631.137,55
2026;01;55.10.3.3.90.39.17.512.0010.2.047.01.1100000;SECRETARIA DE MANUTENÇĂO DA CIDADE;SANEAMENTO;SANEAMENTO BÁSICO URBANO;OUTROS SERVIÇOS DE TERCEIROS -  PESSOA JURÍDICA;TESOURO;117.732.177,22;6.129.935,00;961.115,19
2026;01;55.10.3.3.90.92.04.452.0010.2.048.01.1100000;SECRETARIA DE MANUTENÇĂO DA CIDADE;ADMINISTRAÇĂO;SERVIÇOS URBANOS;DESPESAS DE EXERCÍCIOS ANTERIORES;TESOURO;42,00;42,00;42,00
2026;01;55.10.3.3.90.92.15.451.0010.2.049.03.1000081;SECRETARIA DE MANUTENÇĂO DA CIDADE;URBANISMO;INFRA-ESTRUTURA URBANA;DESPESAS DE EXERCÍCIOS ANTERIORES;RECURSOS PROPRIOS DE FUNDOS ESPECIAIS DE DESPESA - VINCULADOS;100.000,00;66.831,13;56.837,36
2026;01;55.10.3.3.90.92.15.452.0010.2.050.01.1100000;SECRETARIA DE MANUTENÇĂO DA CIDADE;URBANISMO;SERVIÇOS URBANOS;DESPESAS DE EXERCÍCIOS ANTERIORES;TESOURO;21.192,23;21.192,23;0,00
2026;01;55.10.3.3.90.92.17.512.0010.2.047.01.1100000;SECRETARIA DE MANUTENÇĂO DA CIDADE;SANEAMENTO;SANEAMENTO BÁSICO URBANO;DESPESAS DE EXERCÍCIOS ANTERIORES;TESOURO;60.636,16;60.636,15;60.636,15
2026;01;55.10.4.4.90.51.15.451.0010.2.049.03.1000081;SECRETARIA DE MANUTENÇĂO DA CIDADE;URBANISMO;INFRA-ESTRUTURA URBANA;OBRAS E INSTALAÇŐES;RECURSOS PROPRIOS DE FUNDOS ESPECIAIS DE DESPESA - VINCULADOS;700.000,00;0,00;0,00
2026;01;55.10.4.4.90.52.15.452.0010.2.050.01.1100000;SECRETARIA DE MANUTENÇĂO DA CIDADE;URBANISMO;SERVIÇOS URBANOS;EQUIPAMENTOS E MATERIAL PERMANENTE;TESOURO;5.873,00;1.155,00;730,80
2026;01;60.10.3.1.90.11.10.122.0011.2.029.01.3100000;SECRETARIA DE SAÚDE;SAÚDE;ADMINISTRAÇĂO GERAL;VENCIMENTOS E VANTAGENS FIXAS -  PESSOAL CIVIL;TESOURO;2.450.297,98;2.450.297,98;2.426.197,38
2026;01;60.10.3.1.90.16.10.122.0011.2.029.01.3100000;SECRETARIA DE SAÚDE;SAÚDE;ADMINISTRAÇĂO GERAL;OUTRAS DESPESAS VARIÁVEIS - PESSOAL CIVIL;TESOURO;43.062,80;43.062,80;43.062,80
2026;01;60.10.3.1.90.94.10.122.0011.2.029.01.3100000;SECRETARIA DE SAÚDE;SAÚDE;ADMINISTRAÇĂO GERAL;INDENIZAÇŐES E RESTITUIÇŐES TRABALHISTAS;TESOURO;14.041,84;14.041,84;14.041,84
2026;01;60.10.3.1.90.96.10.122.0011.2.029.01.3100000;SECRETARIA DE SAÚDE;SAÚDE;ADMINISTRAÇĂO GERAL;RESSARCIMENTO DE DESPESAS DE PESSOAL REQUISITADO;TESOURO;1.934,85;1.934,85;1.934,85
2026;01;60.10.3.3.90.08.10.122.0011.2.029.01.3100000;SECRETARIA DE SAÚDE;SAÚDE;ADMINISTRAÇĂO GERAL;OUTROS BENEFÍCIOS ASSISTENCIAIS DO SERVIDOR E DO MILITAR;TESOURO;45.394,31;45.394,31;45.394,31
2026;01;60.10.3.3.90.14.10.122.0011.2.029.01.3100000;SECRETARIA DE SAÚDE;SAÚDE;ADMINISTRAÇĂO GERAL;DIÁRIAS - PESSOAL CIVIL;TESOURO;4.860,00;4.860,00;4.860,00
2026;01;60.10.3.3.90.30.10.122.0011.2.029.01.3100000;SECRETARIA DE SAÚDE;SAÚDE;ADMINISTRAÇĂO GERAL;MATERIAL DE CONSUMO;TESOURO;339.609,31;38.170,27;12.415,58
2026;01;60.10.3.3.90.36.10.122.0011.2.029.01.3100000;SECRETARIA DE SAÚDE;SAÚDE;ADMINISTRAÇĂO GERAL;OUTROS SERVIÇOS DE TERCEIROS - PESSOA FÍSICA;TESOURO;52.998,36;22.469,33;19.669,33
2026;01;60.10.3.3.90.39.10.122.0011.2.029.01.3100000;SECRETARIA DE SAÚDE;SAÚDE;ADMINISTRAÇĂO GERAL;OUTROS SERVIÇOS DE TERCEIROS -  PESSOA JURÍDICA;TESOURO;4.349.909,14;32.133,36;22.668,50
2026;01;60.10.3.3.90.39.10.122.0011.2.029.06.3400000;SECRETARIA DE SAÚDE;SAÚDE;ADMINISTRAÇĂO GERAL;OUTROS SERVIÇOS DE TERCEIROS -  PESSOA JURÍDICA;OUTRAS FONTES DE RECURSOS;35.165,00;0,00;0,00
2026;01;60.10.3.3.90.39.10.301.0011.2.031.01.3010000;SECRETARIA DE SAÚDE;SAÚDE;ATENÇĂO BÁSICA;OUTROS SERVIÇOS DE TERCEIROS -  PESSOA JURÍDICA;TESOURO;4.219.000,00;0,00;0,00
2026;01;60.10.3.3.90.46.10.122.0011.2.029.01.3100000;SECRETARIA DE SAÚDE;SAÚDE;ADMINISTRAÇĂO GERAL;AUXÍLIO ALIMENTAÇĂO;TESOURO;384.964,16;384.964,16;384.964,16
2026;01;60.10.3.3.90.92.10.122.0011.2.029.01.3100000;SECRETARIA DE SAÚDE;SAÚDE;ADMINISTRAÇĂO GERAL;DESPESAS DE EXERCÍCIOS ANTERIORES;TESOURO;199.998,26;29.576,31;0,00
2026;01;60.10.3.3.90.92.10.301.0011.2.031.01.3010000;SECRETARIA DE SAÚDE;SAÚDE;ATENÇĂO BÁSICA;DESPESAS DE EXERCÍCIOS ANTERIORES;TESOURO;399.998,54;300.868,54;260.136,28
2026;01;60.20.3.1.90.11.10.304.0011.2.053.01.3030000;SECRETARIA DE SAÚDE;SAÚDE;VIGILÂNCIA SANITÁRIA;VENCIMENTOS E VANTAGENS FIXAS -  PESSOAL CIVIL;TESOURO;400.465,00;400.465,00;400.465,00
2026;01;60.20.3.1.90.11.10.305.0011.2.054.01.3030000;SECRETARIA DE SAÚDE;SAÚDE;VIGILÂNCIA EPIDEMIOLÓGICA;VENCIMENTOS E VANTAGENS FIXAS -  PESSOAL CIVIL;TESOURO;366.922,59;366.922,59;366.922,59
2026;01;60.20.3.1.90.11.10.305.0011.2.054.05.3130000;SECRETARIA DE SAÚDE;SAÚDE;VIGILÂNCIA EPIDEMIOLÓGICA;VENCIMENTOS E VANTAGENS FIXAS -  PESSOAL CIVIL;TRANSFERENCIAS E CONVENIOS FEDERAIS - VINCULADOS;826.158,85;826.158,85;823.454,73
2026;01;60.20.3.1.90.16.10.304.0011.2.053.01.3030000;SECRETARIA DE SAÚDE;SAÚDE;VIGILÂNCIA SANITÁRIA;OUTRAS DESPESAS VARIÁVEIS - PESSOAL CIVIL;TESOURO;767,26;767,26;767,26
2026;01;60.20.3.1.90.16.10.305.0011.2.054.01.3030000;SECRETARIA DE SAÚDE;SAÚDE;VIGILÂNCIA EPIDEMIOLÓGICA;OUTRAS DESPESAS VARIÁVEIS - PESSOAL CIVIL;TESOURO;1.896,78;1.896,78;1.896,78
2026;01;60.20.3.3.50.39.10.305.0011.2.054.05.3030019;SECRETARIA DE SAÚDE;SAÚDE;VIGILÂNCIA EPIDEMIOLÓGICA;OUTROS SERVIÇOS DE TERCEIROS -PESSOA JURÍDICA;TRANSFERENCIAS E CONVENIOS FEDERAIS - VINCULADOS;215.264,00;17.938,67;17.938,67
2026;01;60.20.3.3.90.30.04.304.0011.2.052.01.3030000;SECRETARIA DE SAÚDE;ADMINISTRAÇĂO;VIGILÂNCIA SANITÁRIA;MATERIAL DE CONSUMO;TESOURO;15.172,50;0,00;0,00
2026;01;60.20.3.3.90.30.10.304.0011.2.051.01.3030000;SECRETARIA DE SAÚDE;SAÚDE;VIGILÂNCIA SANITÁRIA;MATERIAL DE CONSUMO;TESOURO;54.752,20;31.130,60;0,00
2026;01;60.20.3.3.90.30.10.304.0011.2.053.03.3000277;SECRETARIA DE SAÚDE;SAÚDE;VIGILÂNCIA SANITÁRIA;MATERIAL DE CONSUMO;RECURSOS PROPRIOS DE FUNDOS ESPECIAIS DE DESPESA - VINCULADOS;1.950,00;1.950,00;0,00
2026;01;60.20.3.3.90.30.10.305.0011.2.054.02.3030024;SECRETARIA DE SAÚDE;SAÚDE;VIGILÂNCIA EPIDEMIOLÓGICA;MATERIAL DE CONSUMO;TRANSFERENCIAS E CONVENIOS ESTADUAIS - VINCULADOS;31.776,53;665,22;0,00
2026;01;60.20.3.3.90.30.10.305.0011.2.054.05.3030019;SECRETARIA DE SAÚDE;SAÚDE;VIGILÂNCIA EPIDEMIOLÓGICA;MATERIAL DE CONSUMO;TRANSFERENCIAS E CONVENIOS FEDERAIS - VINCULADOS;17.690,14;1.759,80;0,00
2026;01;60.20.3.3.90.36.10.304.0011.2.051.01.3030000;SECRETARIA DE SAÚDE;SAÚDE;VIGILÂNCIA SANITÁRIA;OUTROS SERVIÇOS DE TERCEIROS - PESSOA FÍSICA;TESOURO;11.469,39;0,00;0,00
2026;01;60.20.3.3.90.36.10.305.0011.2.054.05.3030038;SECRETARIA DE SAÚDE;SAÚDE;VIGILÂNCIA EPIDEMIOLÓGICA;OUTROS SERVIÇOS DE TERCEIROS - PESSOA FÍSICA;TRANSFERENCIAS E CONVENIOS FEDERAIS - VINCULADOS;26.640,00;0,00;0,00
2026;01;60.20.3.3.90.39.04.304.0011.2.052.01.3030000;SECRETARIA DE SAÚDE;ADMINISTRAÇĂO;VIGILÂNCIA SANITÁRIA;OUTROS SERVIÇOS DE TERCEIROS -  PESSOA JURÍDICA;TESOURO;122.598,02;0,00;0,00
2026;01;60.20.3.3.90.39.04.304.0011.2.052.06.3030176;SECRETARIA DE SAÚDE;ADMINISTRAÇĂO;VIGILÂNCIA SANITÁRIA;OUTROS SERVIÇOS DE TERCEIROS -  PESSOA JURÍDICA;OUTRAS FONTES DE RECURSOS;12.004,57;0,00;0,00
2026;01;60.20.3.3.90.39.10.304.0011.2.051.01.3030000;SECRETARIA DE SAÚDE;SAÚDE;VIGILÂNCIA SANITÁRIA;OUTROS SERVIÇOS DE TERCEIROS -  PESSOA JURÍDICA;TESOURO;2.373.589,27;7.437,08;0,00
2026;01;60.20.3.3.90.39.10.304.0011.2.053.03.3000277;SECRETARIA DE SAÚDE;SAÚDE;VIGILÂNCIA SANITÁRIA;OUTROS SERVIÇOS DE TERCEIROS -  PESSOA JURÍDICA;RECURSOS PROPRIOS DE FUNDOS ESPECIAIS DE DESPESA - VINCULADOS;491.950,18;2.924,12;0,00
2026;01;60.20.3.3.90.39.10.304.0011.2.053.05.3030038;SECRETARIA DE SAÚDE;SAÚDE;VIGILÂNCIA SANITÁRIA;OUTROS SERVIÇOS DE TERCEIROS -  PESSOA JURÍDICA;TRANSFERENCIAS E CONVENIOS FEDERAIS - VINCULADOS;184.999,20;0,00;0,00
2026;01;60.20.3.3.90.39.10.305.0011.2.054.05.3030019;SECRETARIA DE SAÚDE;SAÚDE;VIGILÂNCIA EPIDEMIOLÓGICA;OUTROS SERVIÇOS DE TERCEIROS -  PESSOA JURÍDICA;TRANSFERENCIAS E CONVENIOS FEDERAIS - VINCULADOS;124.249,20;0,00;0,00
2026;01;60.20.3.3.90.39.10.305.0011.2.054.05.3030038;SECRETARIA DE SAÚDE;SAÚDE;VIGILÂNCIA EPIDEMIOLÓGICA;OUTROS SERVIÇOS DE TERCEIROS -  PESSOA JURÍDICA;TRANSFERENCIAS E CONVENIOS FEDERAIS - VINCULADOS;513.710,79;2.814,96;0,00
2026;01;60.20.3.3.90.92.10.304.0011.2.051.01.3030000;SECRETARIA DE SAÚDE;SAÚDE;VIGILÂNCIA SANITÁRIA;DESPESAS DE EXERCÍCIOS ANTERIORES;TESOURO;118.641,02;118.641,02;0,00
2026;01;60.30.3.3.50.39.10.302.0011.2.060.01.3020000;SECRETARIA DE SAÚDE;SAÚDE;ASSISTĘNCIA HOSPITALAR E AMBULATORIAL;OUTROS SERVIÇOS DE TERCEIROS -PESSOA JURÍDICA;TESOURO;136.531.934,23;15.629.835,71;1.000.000,00
2026;01;60.30.3.3.50.39.10.302.0011.2.060.05.3020023;SECRETARIA DE SAÚDE;SAÚDE;ASSISTĘNCIA HOSPITALAR E AMBULATORIAL;OUTROS SERVIÇOS DE TERCEIROS -PESSOA JURÍDICA;TRANSFERENCIAS E CONVENIOS FEDERAIS - VINCULADOS;64.845.374,80;7.100.830,00;0,00
2026;01;60.30.3.3.50.39.10.302.0011.2.061.01.3020000;SECRETARIA DE SAÚDE;SAÚDE;ASSISTĘNCIA HOSPITALAR E AMBULATORIAL;OUTROS SERVIÇOS DE TERCEIROS -PESSOA JURÍDICA;TESOURO;48.399.100,00;8.409.231,06;2.781.859,95
2026;01;60.30.3.3.50.39.10.302.0011.2.062.01.3020000;SECRETARIA DE SAÚDE;SAÚDE;ASSISTĘNCIA HOSPITALAR E AMBULATORIAL;OUTROS SERVIÇOS DE TERCEIROS -PESSOA JURÍDICA;TESOURO;37.812.140,18;4.938.931,96;0,00
2026;01;60.30.3.3.50.39.10.302.0011.2.062.05.3020023;SECRETARIA DE SAÚDE;SAÚDE;ASSISTĘNCIA HOSPITALAR E AMBULATORIAL;OUTROS SERVIÇOS DE TERCEIROS -PESSOA JURÍDICA;TRANSFERENCIAS E CONVENIOS FEDERAIS - VINCULADOS;14.100.000,00;1.175.000,00;0,00
2026;01;60.30.3.3.50.92.10.302.0011.2.060.01.3020000;SECRETARIA DE SAÚDE;SAÚDE;ASSISTĘNCIA HOSPITALAR E AMBULATORIAL;DESPESAS DE EXERCÍCIOS ANTERIORES;TESOURO;22.988.432,33;22.988.432,33;22.988.432,33
2026;01;60.30.3.3.50.92.10.302.0011.2.061.01.3020000;SECRETARIA DE SAÚDE;SAÚDE;ASSISTĘNCIA HOSPITALAR E AMBULATORIAL;DESPESAS DE EXERCÍCIOS ANTERIORES;TESOURO;2.711.859,95;2.711.859,95;2.711.859,95
2026;01;60.30.3.3.50.92.10.302.0011.2.062.01.3020000;SECRETARIA DE SAÚDE;SAÚDE;ASSISTĘNCIA HOSPITALAR E AMBULATORIAL;DESPESAS DE EXERCÍCIOS ANTERIORES;TESOURO;6.113.931,96;6.113.931,96;6.113.931,96
2026;01;60.30.3.3.71.70.10.302.0011.2.059.01.3020000;SECRETARIA DE SAÚDE;SAÚDE;ASSISTĘNCIA HOSPITALAR E AMBULATORIAL;RATEIO PELA PARTICIPAÇĂO EM CONSÓRCIO PÚBLICO;TESOURO;12.645.809,00;2.299.238,55;1.149.619,57
2026;01;60.30.3.3.71.70.10.302.0011.2.059.05.3020023;SECRETARIA DE SAÚDE;SAÚDE;ASSISTĘNCIA HOSPITALAR E AMBULATORIAL;RATEIO PELA PARTICIPAÇĂO EM CONSÓRCIO PÚBLICO;TRANSFERENCIAS E CONVENIOS FEDERAIS - VINCULADOS;5.648.990,00;941.456,79;470.728,09
2026;01;60.30.3.3.90.39.10.302.0011.2.059.01.3020000;SECRETARIA DE SAÚDE;SAÚDE;ASSISTĘNCIA HOSPITALAR E AMBULATORIAL;OUTROS SERVIÇOS DE TERCEIROS -  PESSOA JURÍDICA;TESOURO;500.000,00;0,00;0,00
2026;01;60.30.3.3.90.92.10.302.0011.2.059.01.3020000;SECRETARIA DE SAÚDE;SAÚDE;ASSISTĘNCIA HOSPITALAR E AMBULATORIAL;DESPESAS DE EXERCÍCIOS ANTERIORES;TESOURO;157.096,98;157.096,98;139.597,32
2026;01;60.30.4.4.50.42.10.302.0011.2.062.01.3020000;SECRETARIA DE SAÚDE;SAÚDE;ASSISTĘNCIA HOSPITALAR E AMBULATORIAL;AUXÍLIOS;TESOURO;76.800,00;0,00;0,00
2026;01;60.30.4.4.90.52.10.302.0011.1.009.95.8000055;SECRETARIA DE SAÚDE;SAÚDE;ASSISTĘNCIA HOSPITALAR E AMBULATORIAL;EQUIPAMENTOS E MATERIAL PERMANENTE;TRANSFERENCIAS E CONVENIOS FEDERAIS - VINCULADOS - EXERCÍCIO ANTERIOR;53.000,00;53.000,00;0,00
2026;01;60.50.3.1.90.11.10.301.0011.2.055.01.3010000;SECRETARIA DE SAÚDE;SAÚDE;ATENÇĂO BÁSICA;VENCIMENTOS E VANTAGENS FIXAS -  PESSOAL CIVIL;TESOURO;4.796.823,40;4.796.823,40;4.785.056,03
2026;01;60.50.3.1.90.11.10.301.0011.2.055.05.3130000;SECRETARIA DE SAÚDE;SAÚDE;ATENÇĂO BÁSICA;VENCIMENTOS E VANTAGENS FIXAS -  PESSOAL CIVIL;TRANSFERENCIAS E CONVENIOS FEDERAIS - VINCULADOS;1.046.823,96;1.046.823,96;1.035.956,55
2026;01;60.50.3.1.90.11.10.301.0011.2.055.05.3700000;SECRETARIA DE SAÚDE;SAÚDE;ATENÇĂO BÁSICA;VENCIMENTOS E VANTAGENS FIXAS -  PESSOAL CIVIL;TRANSFERENCIAS E CONVENIOS FEDERAIS - VINCULADOS;41.280,75;41.280,75;41.280,75
2026;01;60.50.3.1.90.16.10.301.0011.2.055.01.3010000;SECRETARIA DE SAÚDE;SAÚDE;ATENÇĂO BÁSICA;OUTRAS DESPESAS VARIÁVEIS - PESSOAL CIVIL;TESOURO;201.556,59;201.556,59;201.556,59
2026;01;60.50.3.1.90.94.10.301.0011.2.055.01.3010000;SECRETARIA DE SAÚDE;SAÚDE;ATENÇĂO BÁSICA;INDENIZAÇŐES E RESTITUIÇŐES TRABALHISTAS;TESOURO;97.142,64;97.142,64;97.142,64
2026;01;60.50.3.3.50.39.10.301.0011.2.055.01.3010000;SECRETARIA DE SAÚDE;SAÚDE;ATENÇĂO BÁSICA;OUTROS SERVIÇOS DE TERCEIROS -PESSOA JURÍDICA;TESOURO;31.161.945,61;3.729.811,67;215.376,26
2026;01;60.50.3.3.50.39.10.301.0011.2.055.05.3700000;SECRETARIA DE SAÚDE;SAÚDE;ATENÇĂO BÁSICA;OUTROS SERVIÇOS DE TERCEIROS -PESSOA JURÍDICA;TRANSFERENCIAS E CONVENIOS FEDERAIS - VINCULADOS;150.000,00;0,00;0,00
2026;01;60.50.3.3.50.92.10.301.0011.2.055.01.3010000;SECRETARIA DE SAÚDE;SAÚDE;ATENÇĂO BÁSICA;DESPESAS DE EXERCÍCIOS ANTERIORES;TESOURO;303.039,00;303.039,00;303.039,00
2026;01;60.50.3.3.90.30.10.301.0011.2.055.01.3010000;SECRETARIA DE SAÚDE;SAÚDE;ATENÇĂO BÁSICA;MATERIAL DE CONSUMO;TESOURO;371.792,47;95.980,24;0,00
2026;01;60.50.3.3.90.30.10.301.0011.2.055.02.3010024;SECRETARIA DE SAÚDE;SAÚDE;ATENÇĂO BÁSICA;MATERIAL DE CONSUMO;TRANSFERENCIAS E CONVENIOS ESTADUAIS - VINCULADOS;500.692,52;85.193,64;0,00
2026;01;60.50.3.3.90.30.10.301.0011.2.055.05.3010022;SECRETARIA DE SAÚDE;SAÚDE;ATENÇĂO BÁSICA;MATERIAL DE CONSUMO;TRANSFERENCIAS E CONVENIOS FEDERAIS - VINCULADOS;92.205,19;61.457,19;0,00
2026;01;60.50.3.3.90.30.10.301.0011.2.055.95.8001006;SECRETARIA DE SAÚDE;SAÚDE;ATENÇĂO BÁSICA;MATERIAL DE CONSUMO;TRANSFERENCIAS E CONVENIOS FEDERAIS - VINCULADOS - EXERCÍCIO ANTERIOR;20.154,57;0,00;0,00
2026;01;60.50.3.3.90.30.10.301.0011.2.056.05.3010022;SECRETARIA DE SAÚDE;SAÚDE;ATENÇĂO BÁSICA;MATERIAL DE CONSUMO;TRANSFERENCIAS E CONVENIOS FEDERAIS - VINCULADOS;10.455,83;2.556,35;0,00
2026;01;60.50.3.3.90.30.10.303.0011.2.057.01.3040000;SECRETARIA DE SAÚDE;SAÚDE;SUPORTE PROFILÁTICO E TERAPĘUTICO;MATERIAL DE CONSUMO;TESOURO;767.769,15;364.002,10;0,00
2026;01;60.50.3.3.90.32.10.303.0011.2.057.01.3040000;SECRETARIA DE SAÚDE;SAÚDE;SUPORTE PROFILÁTICO E TERAPĘUTICO;MATERIAL, BEM OU SERVIÇO PARA DISTRIBUIÇĂO GRATUITA;TESOURO;8.744.000,42;4.857.150,07;131,34
2026;01;60.50.3.3.90.32.10.303.0011.2.057.02.3040024;SECRETARIA DE SAÚDE;SAÚDE;SUPORTE PROFILÁTICO E TERAPĘUTICO;MATERIAL, BEM OU SERVIÇO PARA DISTRIBUIÇĂO GRATUITA;TRANSFERENCIAS E CONVENIOS ESTADUAIS - VINCULADOS;373.350,00;0,00;0,00
2026;01;60.50.3.3.90.32.10.303.0011.2.057.05.3040040;SECRETARIA DE SAÚDE;SAÚDE;SUPORTE PROFILÁTICO E TERAPĘUTICO;MATERIAL, BEM OU SERVIÇO PARA DISTRIBUIÇĂO GRATUITA;TRANSFERENCIAS E CONVENIOS FEDERAIS - VINCULADOS;503.555,00;163.799,50;0,00
2026;01;60.50.3.3.90.36.10.301.0011.2.055.01.3010000;SECRETARIA DE SAÚDE;SAÚDE;ATENÇĂO BÁSICA;OUTROS SERVIÇOS DE TERCEIROS - PESSOA FÍSICA;TESOURO;142.722,62;26.125,93;10.425,93
2026;01;60.50.3.3.90.37.10.301.0011.2.055.01.3010000;SECRETARIA DE SAÚDE;SAÚDE;ATENÇĂO BÁSICA;LOCAÇĂO DE MĂO-DE-OBRA;TESOURO;1.379.996,24;0,00;0,00
2026;01;60.50.3.3.90.37.10.301.0011.2.055.05.3010022;SECRETARIA DE SAÚDE;SAÚDE;ATENÇĂO BÁSICA;LOCAÇĂO DE MĂO-DE-OBRA;TRANSFERENCIAS E CONVENIOS FEDERAIS - VINCULADOS;1.600.000,00;0,00;0,00
2026;01;60.50.3.3.90.39.10.301.0011.2.055.01.3010000;SECRETARIA DE SAÚDE;SAÚDE;ATENÇĂO BÁSICA;OUTROS SERVIÇOS DE TERCEIROS -  PESSOA JURÍDICA;TESOURO;6.792.786,02;91.160,23;14.573,24
2026;01;60.50.3.3.90.39.10.301.0011.2.055.05.3010022;SECRETARIA DE SAÚDE;SAÚDE;ATENÇĂO BÁSICA;OUTROS SERVIÇOS DE TERCEIROS -  PESSOA JURÍDICA;TRANSFERENCIAS E CONVENIOS FEDERAIS - VINCULADOS;10.660.000,00;606.391,10;0,00
2026;01;60.50.3.3.90.39.10.301.0011.2.056.05.3010022;SECRETARIA DE SAÚDE;SAÚDE;ATENÇĂO BÁSICA;OUTROS SERVIÇOS DE TERCEIROS -  PESSOA JURÍDICA;TRANSFERENCIAS E CONVENIOS FEDERAIS - VINCULADOS;452.662,20;0,00;0,00
2026;01;60.50.3.3.90.40.10.301.0011.2.055.05.3010022;SECRETARIA DE SAÚDE;SAÚDE;ATENÇĂO BÁSICA;SERVIÇOS DE TECNOLOGIA DA INFORMAÇĂO E COMUNICAÇĂO - PJ;TRANSFERENCIAS E CONVENIOS FEDERAIS - VINCULADOS;7.000.000,00;523.808,00;0,00
2026;01;60.50.3.3.90.92.10.301.0011.2.055.01.3010000;SECRETARIA DE SAÚDE;SAÚDE;ATENÇĂO BÁSICA;DESPESAS DE EXERCÍCIOS ANTERIORES;TESOURO;1.018.035,05;992.762,16;264.506,58
2026;01;60.50.4.4.90.51.10.301.0011.1.007.06.3000182;SECRETARIA DE SAÚDE;SAÚDE;ATENÇĂO BÁSICA;OBRAS E INSTALAÇŐES;OUTRAS FONTES DE RECURSOS;2.130.928,26;0,00;0,00
2026;01;60.50.4.4.90.52.10.301.0011.1.007.06.3000182;SECRETARIA DE SAÚDE;SAÚDE;ATENÇĂO BÁSICA;EQUIPAMENTOS E MATERIAL PERMANENTE;OUTRAS FONTES DE RECURSOS;2.079,21;0,00;0,00
2026;01;60.70.3.1.90.11.10.302.0011.2.058.01.3020000;SECRETARIA DE SAÚDE;SAÚDE;ASSISTĘNCIA HOSPITALAR E AMBULATORIAL;VENCIMENTOS E VANTAGENS FIXAS -  PESSOAL CIVIL;TESOURO;6.621.849,63;6.621.849,63;6.566.190,74
2026;01;60.70.3.1.90.16.10.302.0011.2.058.01.3020000;SECRETARIA DE SAÚDE;SAÚDE;ASSISTĘNCIA HOSPITALAR E AMBULATORIAL;OUTRAS DESPESAS VARIÁVEIS - PESSOAL CIVIL;TESOURO;637.252,05;637.252,05;637.252,05
2026;01;60.70.3.1.90.94.10.302.0011.2.058.01.3020000;SECRETARIA DE SAÚDE;SAÚDE;ASSISTĘNCIA HOSPITALAR E AMBULATORIAL;INDENIZAÇŐES E RESTITUIÇŐES TRABALHISTAS;TESOURO;79.755,80;79.755,80;79.755,80
2026;01;60.70.3.3.50.39.10.302.0011.2.058.01.3020000;SECRETARIA DE SAÚDE;SAÚDE;ASSISTĘNCIA HOSPITALAR E AMBULATORIAL;OUTROS SERVIÇOS DE TERCEIROS -PESSOA JURÍDICA;TESOURO;3.977.499,15;265.166,61;0,00
2026;01;60.70.3.3.50.39.10.302.0011.2.058.05.3700000;SECRETARIA DE SAÚDE;SAÚDE;ASSISTĘNCIA HOSPITALAR E AMBULATORIAL;OUTROS SERVIÇOS DE TERCEIROS -PESSOA JURÍDICA;TRANSFERENCIAS E CONVENIOS FEDERAIS - VINCULADOS;2.200.000,00;0,00;0,00
2026;01;60.70.3.3.50.92.10.302.0011.2.058.01.3020000;SECRETARIA DE SAÚDE;SAÚDE;ASSISTĘNCIA HOSPITALAR E AMBULATORIAL;DESPESAS DE EXERCÍCIOS ANTERIORES;TESOURO;265.166,61;265.166,61;0,00
2026;01;60.70.3.3.90.30.10.302.0011.2.058.01.3020000;SECRETARIA DE SAÚDE;SAÚDE;ASSISTĘNCIA HOSPITALAR E AMBULATORIAL;MATERIAL DE CONSUMO;TESOURO;988.070,75;98.792,34;17.276,88
2026;01;60.70.3.3.90.30.10.302.0011.2.058.05.3020023;SECRETARIA DE SAÚDE;SAÚDE;ASSISTĘNCIA HOSPITALAR E AMBULATORIAL;MATERIAL DE CONSUMO;TRANSFERENCIAS E CONVENIOS FEDERAIS - VINCULADOS;84.420,00;70.420,00;0,00
2026;01;60.70.3.3.90.32.10.302.0011.2.058.01.3020000;SECRETARIA DE SAÚDE;SAÚDE;ASSISTĘNCIA HOSPITALAR E AMBULATORIAL;MATERIAL, BEM OU SERVIÇO PARA DISTRIBUIÇĂO GRATUITA;TESOURO;1.325.382,15;658.865,10;0,00
2026;01;60.70.3.3.90.32.10.302.0011.2.058.05.3020023;SECRETARIA DE SAÚDE;SAÚDE;ASSISTĘNCIA HOSPITALAR E AMBULATORIAL;MATERIAL, BEM OU SERVIÇO PARA DISTRIBUIÇĂO GRATUITA;TRANSFERENCIAS E CONVENIOS FEDERAIS - VINCULADOS;736.756,50;500.209,55;5.985,00
2026;01;60.70.3.3.90.36.10.302.0011.2.058.01.3020000;SECRETARIA DE SAÚDE;SAÚDE;ASSISTĘNCIA HOSPITALAR E AMBULATORIAL;OUTROS SERVIÇOS DE TERCEIROS - PESSOA FÍSICA;TESOURO;16.305,63;6.490,59;1.583,07
2026;01;60.70.3.3.90.37.10.302.0011.2.058.01.3020000;SECRETARIA DE SAÚDE;SAÚDE;ASSISTĘNCIA HOSPITALAR E AMBULATORIAL;LOCAÇĂO DE MĂO-DE-OBRA;TESOURO;5.872.886,14;15.171,90;0,00
2026;01;60.70.3.3.90.39.10.302.0011.2.058.01.3020000;SECRETARIA DE SAÚDE;SAÚDE;ASSISTĘNCIA HOSPITALAR E AMBULATORIAL;OUTROS SERVIÇOS DE TERCEIROS -  PESSOA JURÍDICA;TESOURO;36.453.572,42;2.912.409,96;48.741,71
2026;01;60.70.3.3.90.39.10.302.0011.2.058.02.3020024;SECRETARIA DE SAÚDE;SAÚDE;ASSISTĘNCIA HOSPITALAR E AMBULATORIAL;OUTROS SERVIÇOS DE TERCEIROS -  PESSOA JURÍDICA;TRANSFERENCIAS E CONVENIOS ESTADUAIS - VINCULADOS;25.841.078,20;175,64;0,00
2026;01;60.70.3.3.90.39.10.302.0011.2.058.05.3020023;SECRETARIA DE SAÚDE;SAÚDE;ASSISTĘNCIA HOSPITALAR E AMBULATORIAL;OUTROS SERVIÇOS DE TERCEIROS -  PESSOA JURÍDICA;TRANSFERENCIAS E CONVENIOS FEDERAIS - VINCULADOS;17.662.266,84;0,00;0,00
2026;01;60.70.3.3.90.39.10.302.0011.2.058.05.3700000;SECRETARIA DE SAÚDE;SAÚDE;ASSISTĘNCIA HOSPITALAR E AMBULATORIAL;OUTROS SERVIÇOS DE TERCEIROS -  PESSOA JURÍDICA;TRANSFERENCIAS E CONVENIOS FEDERAIS - VINCULADOS;2.745.000,00;0,00;0,00
2026;01;60.70.3.3.90.40.10.302.0011.2.058.01.3020000;SECRETARIA DE SAÚDE;SAÚDE;ASSISTĘNCIA HOSPITALAR E AMBULATORIAL;SERVIÇOS DE TECNOLOGIA DA INFORMAÇĂO E COMUNICAÇĂO - PJ;TESOURO;567.977,99;0,00;0,00
2026;01;60.70.3.3.90.48.10.302.0011.2.058.01.3020000;SECRETARIA DE SAÚDE;SAÚDE;ASSISTĘNCIA HOSPITALAR E AMBULATORIAL;OUTROS AUXÍLIOS FINANCEIROS A PESSOA FÍSICA;TESOURO;19.208,40;19.208,40;15.350,60
2026;01;60.70.3.3.90.92.10.302.0011.2.058.01.3020000;SECRETARIA DE SAÚDE;SAÚDE;ASSISTĘNCIA HOSPITALAR E AMBULATORIAL;DESPESAS DE EXERCÍCIOS ANTERIORES;TESOURO;12.805.771,25;10.139.996,60;2.128.498,20
2026;01;60.70.3.3.90.92.10.302.0011.2.058.02.3020024;SECRETARIA DE SAÚDE;SAÚDE;ASSISTĘNCIA HOSPITALAR E AMBULATORIAL;DESPESAS DE EXERCÍCIOS ANTERIORES;TRANSFERENCIAS E CONVENIOS ESTADUAIS - VINCULADOS;3.000.000,00;600.000,00;0,00
2026;01;60.70.4.4.90.51.10.302.0011.1.008.01.3020000;SECRETARIA DE SAÚDE;SAÚDE;ASSISTĘNCIA HOSPITALAR E AMBULATORIAL;OBRAS E INSTALAÇŐES;TESOURO;3.932.000,00;0,00;0,00
2026;01;60.70.4.4.90.51.10.302.0011.1.008.95.3020055;SECRETARIA DE SAÚDE;SAÚDE;ASSISTĘNCIA HOSPITALAR E AMBULATORIAL;OBRAS E INSTALAÇŐES;TRANSFERENCIAS E CONVENIOS FEDERAIS - VINCULADOS - EXERCÍCIO ANTERIOR;2.194.638,52;92.623,58;0,00
2026;01;60.70.4.4.90.52.10.302.0011.1.008.01.3020000;SECRETARIA DE SAÚDE;SAÚDE;ASSISTĘNCIA HOSPITALAR E AMBULATORIAL;EQUIPAMENTOS E MATERIAL PERMANENTE;TESOURO;2.945,00;0,00;0,00
2026;01;60.70.4.4.90.52.10.302.0011.1.008.06.3000182;SECRETARIA DE SAÚDE;SAÚDE;ASSISTĘNCIA HOSPITALAR E AMBULATORIAL;EQUIPAMENTOS E MATERIAL PERMANENTE;OUTRAS FONTES DE RECURSOS;51.114,00;31.084,00;3.574,00
2026;01;65.10.3.1.90.11.26.122.0012.2.003.01.1100000;SECRETARIA DE MOBILIDADE URBANA;TRANSPORTE;ADMINISTRAÇĂO GERAL;VENCIMENTOS E VANTAGENS FIXAS -  PESSOAL CIVIL;TESOURO;919.172,57;919.172,57;919.172,57
2026;01;65.10.3.3.20.41.26.122.0012.2.063.03.4700000;SECRETARIA DE MOBILIDADE URBANA;TRANSPORTE;ADMINISTRAÇĂO GERAL;CONTRIBUIÇŐES;RECURSOS PROPRIOS DE FUNDOS ESPECIAIS DE DESPESA - VINCULADOS;2.035.000,00;0,00;0,00
2026;01;65.10.3.3.90.14.26.122.0012.2.003.01.4000000;SECRETARIA DE MOBILIDADE URBANA;TRANSPORTE;ADMINISTRAÇĂO GERAL;DIÁRIAS - PESSOAL CIVIL;TESOURO;540,00;540,00;540,00
2026;01;65.10.3.3.90.30.26.122.0012.2.063.03.4000075;SECRETARIA DE MOBILIDADE URBANA;TRANSPORTE;ADMINISTRAÇĂO GERAL;MATERIAL DE CONSUMO;RECURSOS PROPRIOS DE FUNDOS ESPECIAIS DE DESPESA - VINCULADOS;1.965,00;83,50;0,00
2026;01;65.10.3.3.90.30.26.122.0012.2.064.01.4000000;SECRETARIA DE MOBILIDADE URBANA;TRANSPORTE;ADMINISTRAÇĂO GERAL;MATERIAL DE CONSUMO;TESOURO;8,35;0,00;0,00
2026;01;65.10.3.3.90.30.26.122.0012.2.064.03.4000075;SECRETARIA DE MOBILIDADE URBANA;TRANSPORTE;ADMINISTRAÇĂO GERAL;MATERIAL DE CONSUMO;RECURSOS PROPRIOS DE FUNDOS ESPECIAIS DE DESPESA - VINCULADOS;2.244,99;0,00;0,00
2026;01;65.10.3.3.90.36.26.122.0012.2.003.01.4000000;SECRETARIA DE MOBILIDADE URBANA;TRANSPORTE;ADMINISTRAÇĂO GERAL;OUTROS SERVIÇOS DE TERCEIROS - PESSOA FÍSICA;TESOURO;17.191,49;17.191,49;17.191,49
2026;01;65.10.3.3.90.36.26.122.0012.2.066.03.4000075;SECRETARIA DE MOBILIDADE URBANA;TRANSPORTE;ADMINISTRAÇĂO GERAL;OUTROS SERVIÇOS DE TERCEIROS - PESSOA FÍSICA;RECURSOS PROPRIOS DE FUNDOS ESPECIAIS DE DESPESA - VINCULADOS;4.165,72;4.165,72;4.165,72
2026;01;65.10.3.3.90.39.26.122.0012.2.003.01.4000000;SECRETARIA DE MOBILIDADE URBANA;TRANSPORTE;ADMINISTRAÇĂO GERAL;OUTROS SERVIÇOS DE TERCEIROS -  PESSOA JURÍDICA;TESOURO;18.168,45;18.168,45;18.168,45
2026;01;65.10.3.3.90.39.26.122.0012.2.063.01.1300033;SECRETARIA DE MOBILIDADE URBANA;TRANSPORTE;ADMINISTRAÇĂO GERAL;OUTROS SERVIÇOS DE TERCEIROS -  PESSOA JURÍDICA;TESOURO;529.000,00;0,00;0,00
2026;01;65.10.3.3.90.39.26.122.0012.2.063.01.4000000;SECRETARIA DE MOBILIDADE URBANA;TRANSPORTE;ADMINISTRAÇĂO GERAL;OUTROS SERVIÇOS DE TERCEIROS -  PESSOA JURÍDICA;TESOURO;11.399.924,41;366.838,46;391,40
2026;01;65.10.3.3.90.39.26.122.0012.2.063.03.4000075;SECRETARIA DE MOBILIDADE URBANA;TRANSPORTE;ADMINISTRAÇĂO GERAL;OUTROS SERVIÇOS DE TERCEIROS -  PESSOA JURÍDICA;RECURSOS PROPRIOS DE FUNDOS ESPECIAIS DE DESPESA - VINCULADOS;14.491.042,53;46.488,56;46.488,56
2026;01;65.10.3.3.90.39.26.122.0012.2.063.03.4000128;SECRETARIA DE MOBILIDADE URBANA;TRANSPORTE;ADMINISTRAÇĂO GERAL;OUTROS SERVIÇOS DE TERCEIROS -  PESSOA JURÍDICA;RECURSOS PROPRIOS DE FUNDOS ESPECIAIS DE DESPESA - VINCULADOS;367.000,00;0,00;0,00
2026;01;65.10.3.3.90.39.26.122.0012.2.064.01.4000000;SECRETARIA DE MOBILIDADE URBANA;TRANSPORTE;ADMINISTRAÇĂO GERAL;OUTROS SERVIÇOS DE TERCEIROS -  PESSOA JURÍDICA;TESOURO;6.486.264,67;0,00;0,00
2026;01;65.10.3.3.90.39.26.122.0012.2.064.03.4000075;SECRETARIA DE MOBILIDADE URBANA;TRANSPORTE;ADMINISTRAÇĂO GERAL;OUTROS SERVIÇOS DE TERCEIROS -  PESSOA JURÍDICA;RECURSOS PROPRIOS DE FUNDOS ESPECIAIS DE DESPESA - VINCULADOS;23.746.126,10;300.287,56;300.287,56
2026;01;65.10.3.3.90.39.26.122.0012.2.064.03.4000170;SECRETARIA DE MOBILIDADE URBANA;TRANSPORTE;ADMINISTRAÇĂO GERAL;OUTROS SERVIÇOS DE TERCEIROS -  PESSOA JURÍDICA;RECURSOS PROPRIOS DE FUNDOS ESPECIAIS DE DESPESA - VINCULADOS;3.000.000,00;0,00;0,00
2026;01;65.10.3.3.90.39.26.453.0012.2.065.01.4000000;SECRETARIA DE MOBILIDADE URBANA;TRANSPORTE;TRANSPORTES COLETIVOS URBANOS;OUTROS SERVIÇOS DE TERCEIROS -  PESSOA JURÍDICA;TESOURO;8.324.598,04;3.541,31;0,00
2026;01;65.10.3.3.90.39.26.453.0012.2.065.03.4000076;SECRETARIA DE MOBILIDADE URBANA;TRANSPORTE;TRANSPORTES COLETIVOS URBANOS;OUTROS SERVIÇOS DE TERCEIROS -  PESSOA JURÍDICA;RECURSOS PROPRIOS DE FUNDOS ESPECIAIS DE DESPESA - VINCULADOS;4.283.000,00;0,00;0,00
2026;01;65.10.3.3.90.39.26.453.0012.2.065.03.4000170;SECRETARIA DE MOBILIDADE URBANA;TRANSPORTE;TRANSPORTES COLETIVOS URBANOS;OUTROS SERVIÇOS DE TERCEIROS -  PESSOA JURÍDICA;RECURSOS PROPRIOS DE FUNDOS ESPECIAIS DE DESPESA - VINCULADOS;4.522.940,00;92.100,00;0,00
2026;01;65.10.3.3.90.92.26.122.0012.2.063.01.4000000;SECRETARIA DE MOBILIDADE URBANA;TRANSPORTE;ADMINISTRAÇĂO GERAL;DESPESAS DE EXERCÍCIOS ANTERIORES;TESOURO;1.848.133,92;1.848.133,92;1.847.805,92
2026;01;65.10.3.3.90.92.26.122.0012.2.064.01.4000000;SECRETARIA DE MOBILIDADE URBANA;TRANSPORTE;ADMINISTRAÇĂO GERAL;DESPESAS DE EXERCÍCIOS ANTERIORES;TESOURO;3.595.000,00;3.350.496,08;1.924.281,55
2026;01;65.10.3.3.90.92.26.453.0012.2.065.01.4000000;SECRETARIA DE MOBILIDADE URBANA;TRANSPORTE;TRANSPORTES COLETIVOS URBANOS;DESPESAS DE EXERCÍCIOS ANTERIORES;TESOURO;400.000,00;387.500,50;0,00
2026;01;65.10.3.3.90.93.26.122.0012.2.063.03.4000075;SECRETARIA DE MOBILIDADE URBANA;TRANSPORTE;ADMINISTRAÇĂO GERAL;INDENIZAÇŐES E RESTITUIÇŐES;RECURSOS PROPRIOS DE FUNDOS ESPECIAIS DE DESPESA - VINCULADOS;7.006,10;7.006,10;7.006,10
2026;01;65.10.3.3.90.93.26.453.0012.2.065.01.4000000;SECRETARIA DE MOBILIDADE URBANA;TRANSPORTE;TRANSPORTES COLETIVOS URBANOS;INDENIZAÇŐES E RESTITUIÇŐES;TESOURO;24.000.000,00;24.000.000,00;24.000.000,00
2026;01;65.10.3.3.90.93.26.453.0012.2.065.03.7000000;SECRETARIA DE MOBILIDADE URBANA;TRANSPORTE;TRANSPORTES COLETIVOS URBANOS;INDENIZAÇŐES E RESTITUIÇŐES;RECURSOS PROPRIOS DE FUNDOS ESPECIAIS DE DESPESA - VINCULADOS;1.981.191,20;1.981.191,20;1.981.191,20
2026;01;65.10.4.4.90.51.26.451.0012.1.010.01.4000000;SECRETARIA DE MOBILIDADE URBANA;TRANSPORTE;INFRA-ESTRUTURA URBANA;OBRAS E INSTALAÇŐES;TESOURO;17.152.605,66;0,00;0,00
2026;01;65.10.4.4.90.92.26.451.0012.1.010.01.4000000;SECRETARIA DE MOBILIDADE URBANA;TRANSPORTE;INFRA-ESTRUTURA URBANA;DESPESAS DE EXERCÍCIOS ANTERIORES;TESOURO;8.800.000,00;0,00;0,00
2026;01;70.10.3.1.90.11.04.122.0013.2.003.01.1100000;SECRETARIA DE INOVAÇĂO E DESENVOLVIMENTO ECONÔMICO;ADMINISTRAÇĂO;ADMINISTRAÇĂO GERAL;VENCIMENTOS E VANTAGENS FIXAS -  PESSOAL CIVIL;TESOURO;314.747,27;314.747,27;314.747,27
2026;01;70.10.3.3.90.30.11.333.0013.2.068.01.1100000;SECRETARIA DE INOVAÇĂO E DESENVOLVIMENTO ECONÔMICO;TRABALHO;EMPREGABILIDADE;MATERIAL DE CONSUMO;TESOURO;524,25;127,45;0,00
2026;01;70.10.3.3.90.30.19.573.0013.2.071.01.1100000;SECRETARIA DE INOVAÇĂO E DESENVOLVIMENTO ECONÔMICO;CIĘNCIA E TECNOLOGIA;DIFUSĂO DO CONHECIMENTO CIENTÍFICO E TECNOLÓGICO;MATERIAL DE CONSUMO;TESOURO;8,35;8,35;0,00
2026;01;70.10.3.3.90.36.04.122.0013.2.003.01.1100000;SECRETARIA DE INOVAÇĂO E DESENVOLVIMENTO ECONÔMICO;ADMINISTRAÇĂO;ADMINISTRAÇĂO GERAL;OUTROS SERVIÇOS DE TERCEIROS - PESSOA FÍSICA;TESOURO;12.243,68;12.243,68;12.243,68
2026;01;70.10.3.3.90.39.04.122.0013.2.003.01.1100000;SECRETARIA DE INOVAÇĂO E DESENVOLVIMENTO ECONÔMICO;ADMINISTRAÇĂO;ADMINISTRAÇĂO GERAL;OUTROS SERVIÇOS DE TERCEIROS -  PESSOA JURÍDICA;TESOURO;3.000,00;3.000,00;2.000,00
2026;01;70.10.3.3.90.39.11.333.0013.2.067.01.1100000;SECRETARIA DE INOVAÇĂO E DESENVOLVIMENTO ECONÔMICO;TRABALHO;EMPREGABILIDADE;OUTROS SERVIÇOS DE TERCEIROS -  PESSOA JURÍDICA;TESOURO;62.730,00;0,00;0,00
2026;01;70.10.3.3.90.39.11.333.0013.2.068.01.1100000;SECRETARIA DE INOVAÇĂO E DESENVOLVIMENTO ECONÔMICO;TRABALHO;EMPREGABILIDADE;OUTROS SERVIÇOS DE TERCEIROS -  PESSOA JURÍDICA;TESOURO;634.028,03;26.973,52;0,00
2026;01;70.10.3.3.90.39.19.573.0013.2.071.01.1100000;SECRETARIA DE INOVAÇĂO E DESENVOLVIMENTO ECONÔMICO;CIĘNCIA E TECNOLOGIA;DIFUSĂO DO CONHECIMENTO CIENTÍFICO E TECNOLÓGICO;OUTROS SERVIÇOS DE TERCEIROS -  PESSOA JURÍDICA;TESOURO;33.119,95;1.749,48;0,00
2026;01;70.10.3.3.90.39.23.695.0013.2.069.01.1100000;SECRETARIA DE INOVAÇĂO E DESENVOLVIMENTO ECONÔMICO;COMÉRCIO E SERVIÇOS;TURISMO;OUTROS SERVIÇOS DE TERCEIROS -  PESSOA JURÍDICA;TESOURO;101.448,60;0,00;0,00
2026;01;70.10.4.4.90.52.19.573.0013.2.071.01.1100000;SECRETARIA DE INOVAÇĂO E DESENVOLVIMENTO ECONÔMICO;CIĘNCIA E TECNOLOGIA;DIFUSĂO DO CONHECIMENTO CIENTÍFICO E TECNOLÓGICO;EQUIPAMENTOS E MATERIAL PERMANENTE;TESOURO;237,00;0,00;0,00
2026;01;75.10.3.1.90.11.06.181.0014.2.003.01.1100000;SECRETARIA DE PROTEÇĂO AO CIDADĂO;SEGURANÇA PÚBLICA;POLICIAMENTO;VENCIMENTOS E VANTAGENS FIXAS -  PESSOAL CIVIL;TESOURO;4.561.676,71;4.561.676,71;4.561.676,71
2026;01;75.10.3.1.90.11.06.181.0014.2.075.06.1000154;SECRETARIA DE PROTEÇĂO AO CIDADĂO;SEGURANÇA PÚBLICA;POLICIAMENTO;VENCIMENTOS E VANTAGENS FIXAS -  PESSOAL CIVIL;OUTRAS FONTES DE RECURSOS;28.080,00;28.080,00;28.080,00
2026;01;75.10.3.3.50.39.06.181.0014.2.074.01.1100000;SECRETARIA DE PROTEÇĂO AO CIDADĂO;SEGURANÇA PÚBLICA;POLICIAMENTO;OUTROS SERVIÇOS DE TERCEIROS -PESSOA JURÍDICA;TESOURO;69.930,00;69.930,00;0,00
2026;01;75.10.3.3.50.92.06.181.0014.2.074.01.1100000;SECRETARIA DE PROTEÇĂO AO CIDADĂO;SEGURANÇA PÚBLICA;POLICIAMENTO;DESPESAS DE EXERCÍCIOS ANTERIORES;TESOURO;303.232,00;303.232,00;185.312,00
2026;01;75.10.3.3.90.14.06.181.0014.2.003.01.1100000;SECRETARIA DE PROTEÇĂO AO CIDADĂO;SEGURANÇA PÚBLICA;POLICIAMENTO;DIÁRIAS - PESSOAL CIVIL;TESOURO;540,00;540,00;0,00
2026;01;75.10.3.3.90.30.06.181.0014.2.003.01.1100000;SECRETARIA DE PROTEÇĂO AO CIDADĂO;SEGURANÇA PÚBLICA;POLICIAMENTO;MATERIAL DE CONSUMO;TESOURO;4.000,00;4.000,00;4.000,00
2026;01;75.10.3.3.90.30.06.181.0014.2.073.01.1100000;SECRETARIA DE PROTEÇĂO AO CIDADĂO;SEGURANÇA PÚBLICA;POLICIAMENTO;MATERIAL DE CONSUMO;TESOURO;1.251,73;0,00;0,00
2026;01;75.10.3.3.90.30.06.181.0014.2.074.01.1100000;SECRETARIA DE PROTEÇĂO AO CIDADĂO;SEGURANÇA PÚBLICA;POLICIAMENTO;MATERIAL DE CONSUMO;TESOURO;1.274,92;0,00;0,00
2026;01;75.10.3.3.90.30.06.181.0014.2.075.01.1100000;SECRETARIA DE PROTEÇĂO AO CIDADĂO;SEGURANÇA PÚBLICA;POLICIAMENTO;MATERIAL DE CONSUMO;TESOURO;15.247,73;650,50;0,00
2026;01;75.10.3.3.90.30.06.181.0014.2.076.01.1100000;SECRETARIA DE PROTEÇĂO AO CIDADĂO;SEGURANÇA PÚBLICA;POLICIAMENTO;MATERIAL DE CONSUMO;TESOURO;2.193,52;169,32;0,00
2026;01;75.10.3.3.90.36.06.181.0014.2.003.01.1100000;SECRETARIA DE PROTEÇĂO AO CIDADĂO;SEGURANÇA PÚBLICA;POLICIAMENTO;OUTROS SERVIÇOS DE TERCEIROS - PESSOA FÍSICA;TESOURO;6.294,49;6.294,49;6.294,49
2026;01;75.10.3.3.90.36.06.181.0014.2.073.01.1100000;SECRETARIA DE PROTEÇĂO AO CIDADĂO;SEGURANÇA PÚBLICA;POLICIAMENTO;OUTROS SERVIÇOS DE TERCEIROS - PESSOA FÍSICA;TESOURO;39.600,00;4.400,00;0,00
2026;01;75.10.3.3.90.39.06.181.0014.2.003.01.1100000;SECRETARIA DE PROTEÇĂO AO CIDADĂO;SEGURANÇA PÚBLICA;POLICIAMENTO;OUTROS SERVIÇOS DE TERCEIROS -  PESSOA JURÍDICA;TESOURO;3.200,00;3.200,00;1.000,00
2026;01;75.10.3.3.90.39.06.181.0014.2.073.01.1100000;SECRETARIA DE PROTEÇĂO AO CIDADĂO;SEGURANÇA PÚBLICA;POLICIAMENTO;OUTROS SERVIÇOS DE TERCEIROS -  PESSOA JURÍDICA;TESOURO;52.406,62;15.117,74;0,00
2026;01;75.10.3.3.90.39.06.181.0014.2.075.01.1100000;SECRETARIA DE PROTEÇĂO AO CIDADĂO;SEGURANÇA PÚBLICA;POLICIAMENTO;OUTROS SERVIÇOS DE TERCEIROS -  PESSOA JURÍDICA;TESOURO;164.153,93;67.653,93;0,00
2026;01;75.10.3.3.90.39.06.181.0014.2.076.01.1100000;SECRETARIA DE PROTEÇĂO AO CIDADĂO;SEGURANÇA PÚBLICA;POLICIAMENTO;OUTROS SERVIÇOS DE TERCEIROS -  PESSOA JURÍDICA;TESOURO;52.501,35;15.511,76;0,00
2026;01;75.10.3.3.90.92.06.181.0014.2.073.01.1100000;SECRETARIA DE PROTEÇĂO AO CIDADĂO;SEGURANÇA PÚBLICA;POLICIAMENTO;DESPESAS DE EXERCÍCIOS ANTERIORES;TESOURO;795.330,09;795.330,09;416.621,12
2026;01;75.10.3.3.90.92.06.181.0014.2.075.01.1100000;SECRETARIA DE PROTEÇĂO AO CIDADĂO;SEGURANÇA PÚBLICA;POLICIAMENTO;DESPESAS DE EXERCÍCIOS ANTERIORES;TESOURO;1.027.013,43;1.027.013,43;573.249,72
2026;01;75.10.3.3.90.92.06.181.0014.2.076.01.1100000;SECRETARIA DE PROTEÇĂO AO CIDADĂO;SEGURANÇA PÚBLICA;POLICIAMENTO;DESPESAS DE EXERCÍCIOS ANTERIORES;TESOURO;58.467,42;58.467,42;36.989,59
2026;01;80.10.3.1.90.11.04.122.0015.2.078.01.1100000;ENCARGOS GERAIS DO MUNICÍPIO;ADMINISTRAÇĂO;ADMINISTRAÇĂO GERAL;VENCIMENTOS E VANTAGENS FIXAS -  PESSOAL CIVIL;TESOURO;3.151.885,42;3.151.885,42;2.934.287,96
2026;01;80.10.3.1.90.16.04.122.0015.2.078.01.1100000;ENCARGOS GERAIS DO MUNICÍPIO;ADMINISTRAÇĂO;ADMINISTRAÇĂO GERAL;OUTRAS DESPESAS VARIÁVEIS - PESSOAL CIVIL;TESOURO;746.900,76;746.900,76;746.900,76
2026;01;80.10.3.1.90.91.04.122.0015.0.001.01.1100000;ENCARGOS GERAIS DO MUNICÍPIO;ADMINISTRAÇĂO;ADMINISTRAÇĂO GERAL;SENTENÇAS JUDICIAIS;TESOURO;104.898,74;104.898,74;104.898,74
2026;01;80.10.3.1.90.92.09.271.0015.2.079.01.1100000;ENCARGOS GERAIS DO MUNICÍPIO;PREVIDĘNCIA SOCIAL;PREVIDĘNCIA BÁSICA;DESPESAS DE EXERCÍCIOS ANTERIORES;TESOURO;7.824,32;7.824,32;7.824,32
2026;01;80.10.3.1.90.94.04.122.0015.2.078.01.1100000;ENCARGOS GERAIS DO MUNICÍPIO;ADMINISTRAÇĂO;ADMINISTRAÇĂO GERAL;INDENIZAÇŐES E RESTITUIÇŐES TRABALHISTAS;TESOURO;212.578,02;212.578,02;212.578,02
2026;01;80.10.3.2.90.21.28.843.0015.0.002.01.1100000;ENCARGOS GERAIS DO MUNICÍPIO;ENCARGOS ESPECIAIS;SERVIÇO DA DÍVIDA INTERNA;JUROS SOBRE A DÍVIDA POR CONTRATO;TESOURO;2.694.000,00;336.331,43;259.457,28
2026;01;80.10.3.2.90.21.28.843.0015.0.004.01.1100000;ENCARGOS GERAIS DO MUNICÍPIO;ENCARGOS ESPECIAIS;SERVIÇO DA DÍVIDA INTERNA;JUROS SOBRE A DÍVIDA POR CONTRATO;TESOURO;3.935.000,00;312.312,75;312.312,75
2026;01;80.10.3.3.90.08.04.122.0015.2.077.01.1100000;ENCARGOS GERAIS DO MUNICÍPIO;ADMINISTRAÇĂO;ADMINISTRAÇĂO GERAL;OUTROS BENEFÍCIOS ASSISTENCIAIS DO SERVIDOR E DO MILITAR;TESOURO;31.997,49;31.997,49;31.997,49
2026;01;80.10.3.3.90.39.04.122.0015.2.031.01.1100000;ENCARGOS GERAIS DO MUNICÍPIO;ADMINISTRAÇĂO;ADMINISTRAÇĂO GERAL;OUTROS SERVIÇOS DE TERCEIROS -  PESSOA JURÍDICA;TESOURO;142.000,00;11.400,73;11.400,73
2026;01;80.10.3.3.90.39.04.122.0015.2.077.01.1100000;ENCARGOS GERAIS DO MUNICÍPIO;ADMINISTRAÇĂO;ADMINISTRAÇĂO GERAL;OUTROS SERVIÇOS DE TERCEIROS -  PESSOA JURÍDICA;TESOURO;3.147.931,19;42.669,64;42.669,64
2026;01;80.10.3.3.90.46.04.122.0015.2.077.01.1100000;ENCARGOS GERAIS DO MUNICÍPIO;ADMINISTRAÇĂO;ADMINISTRAÇĂO GERAL;AUXÍLIO ALIMENTAÇĂO;TESOURO;528.303,10;528.303,10;528.303,10
2026;01;80.10.3.3.90.91.04.122.0015.0.001.01.1100000;ENCARGOS GERAIS DO MUNICÍPIO;ADMINISTRAÇĂO;ADMINISTRAÇĂO GERAL;SENTENÇAS JUDICIAIS;TESOURO;114.526,23;114.526,23;114.526,23
2026;01;80.10.3.3.90.92.04.122.0015.2.031.01.1100000;ENCARGOS GERAIS DO MUNICÍPIO;ADMINISTRAÇĂO;ADMINISTRAÇĂO GERAL;DESPESAS DE EXERCÍCIOS ANTERIORES;TESOURO;1.829.947,95;1.329.016,97;589.439,52
2026;01;80.10.3.3.90.92.04.122.0015.2.078.01.1100000;ENCARGOS GERAIS DO MUNICÍPIO;ADMINISTRAÇĂO;ADMINISTRAÇĂO GERAL;DESPESAS DE EXERCÍCIOS ANTERIORES;TESOURO;369.048,50;369.048,50;369.048,50
2026;01;80.10.3.3.90.93.04.122.0015.0.003.01.1100000;ENCARGOS GERAIS DO MUNICÍPIO;ADMINISTRAÇĂO;ADMINISTRAÇĂO GERAL;INDENIZAÇŐES E RESTITUIÇŐES;TESOURO;1.162.437,97;1.162.432,97;96.695,22
2026;01;80.10.3.3.90.93.04.122.0015.2.031.01.1100000;ENCARGOS GERAIS DO MUNICÍPIO;ADMINISTRAÇĂO;ADMINISTRAÇĂO GERAL;INDENIZAÇŐES E RESTITUIÇŐES;TESOURO;413.510,08;413.510,08;287.744,14
2026;01;80.10.4.6.90.71.28.843.0015.0.002.01.1100000;ENCARGOS GERAIS DO MUNICÍPIO;ENCARGOS ESPECIAIS;SERVIÇO DA DÍVIDA INTERNA;PRINCIPAL DA DÍVIDA CONTRATUAL RESGATADA;TESOURO;12.509.681,71;1.256.418,42;1.173.952,73
2026;01;80.10.4.6.90.71.28.843.0015.0.004.01.1100000;ENCARGOS GERAIS DO MUNICÍPIO;ENCARGOS ESPECIAIS;SERVIÇO DA DÍVIDA INTERNA;PRINCIPAL DA DÍVIDA CONTRATUAL RESGATADA;TESOURO;2.760.000,00;230.951,96;230.951,96
2026;01;90.10.3.1.90.11.16.482.0016.2.003.01.1100000;SECRETARIA DE HABITAÇĂO E REGULARIZAÇĂO FUNDIÁRIA;HABITAÇĂO;HABITAÇĂO URBANA;VENCIMENTOS E VANTAGENS FIXAS -  PESSOAL CIVIL;TESOURO;201.812,90;201.812,90;201.812,90
2026;01;90.10.3.3.90.14.16.482.0016.2.003.01.1100000;SECRETARIA DE HABITAÇĂO E REGULARIZAÇĂO FUNDIÁRIA;HABITAÇĂO;HABITAÇĂO URBANA;DIÁRIAS - PESSOAL CIVIL;TESOURO;1.080,00;1.080,00;1.080,00
2026;01;90.10.3.3.90.36.16.482.0016.2.003.01.1100000;SECRETARIA DE HABITAÇĂO E REGULARIZAÇĂO FUNDIÁRIA;HABITAÇĂO;HABITAÇĂO URBANA;OUTROS SERVIÇOS DE TERCEIROS - PESSOA FÍSICA;TESOURO;846,48;846,48;846,48
2026;01;90.10.3.3.90.36.16.482.0016.2.081.01.1100000;SECRETARIA DE HABITAÇĂO E REGULARIZAÇĂO FUNDIÁRIA;HABITAÇĂO;HABITAÇĂO URBANA;OUTROS SERVIÇOS DE TERCEIROS - PESSOA FÍSICA;TESOURO;35.244,95;14.183,51;3.397,39
2026;01;90.10.3.3.90.39.16.482.0016.2.003.01.1100000;SECRETARIA DE HABITAÇĂO E REGULARIZAÇĂO FUNDIÁRIA;HABITAÇĂO;HABITAÇĂO URBANA;OUTROS SERVIÇOS DE TERCEIROS -  PESSOA JURÍDICA;TESOURO;4.500,00;4.500,00;4.500,00
2026;01;90.10.3.3.90.39.16.482.0016.2.081.01.1100000;SECRETARIA DE HABITAÇĂO E REGULARIZAÇĂO FUNDIÁRIA;HABITAÇĂO;HABITAÇĂO URBANA;OUTROS SERVIÇOS DE TERCEIROS -  PESSOA JURÍDICA;TESOURO;2.745.149,58;75.600,44;33.189,13
2026;01;90.10.3.3.90.39.16.482.0016.2.081.03.1000058;SECRETARIA DE HABITAÇĂO E REGULARIZAÇĂO FUNDIÁRIA;HABITAÇĂO;HABITAÇĂO URBANA;OUTROS SERVIÇOS DE TERCEIROS -  PESSOA JURÍDICA;RECURSOS PROPRIOS DE FUNDOS ESPECIAIS DE DESPESA - VINCULADOS;50.504,34;50.504,34;50.504,34
2026;01;90.10.3.3.90.39.16.482.0016.2.082.01.1100000;SECRETARIA DE HABITAÇĂO E REGULARIZAÇĂO FUNDIÁRIA;HABITAÇĂO;HABITAÇĂO URBANA;OUTROS SERVIÇOS DE TERCEIROS -  PESSOA JURÍDICA;TESOURO;600.460,95;745,00;0,00
2026;01;90.10.3.3.90.39.16.482.0016.2.082.03.1000134;SECRETARIA DE HABITAÇĂO E REGULARIZAÇĂO FUNDIÁRIA;HABITAÇĂO;HABITAÇĂO URBANA;OUTROS SERVIÇOS DE TERCEIROS -  PESSOA JURÍDICA;RECURSOS PROPRIOS DE FUNDOS ESPECIAIS DE DESPESA - VINCULADOS;740.000,00;0,00;0,00
2026;01;90.10.3.3.90.40.16.482.0016.2.082.01.1100000;SECRETARIA DE HABITAÇĂO E REGULARIZAÇĂO FUNDIÁRIA;HABITAÇĂO;HABITAÇĂO URBANA;SERVIÇOS DE TECNOLOGIA DA INFORMAÇĂO E COMUNICAÇĂO - PJ;TESOURO;2.450,70;0,00;0,00
2026;01;90.10.3.3.90.92.16.482.0016.2.081.01.1100000;SECRETARIA DE HABITAÇĂO E REGULARIZAÇĂO FUNDIÁRIA;HABITAÇĂO;HABITAÇĂO URBANA;DESPESAS DE EXERCÍCIOS ANTERIORES;TESOURO;165,00;165,00;0,00
2026;01;90.10.3.3.90.92.16.482.0016.2.081.03.1000058;SECRETARIA DE HABITAÇĂO E REGULARIZAÇĂO FUNDIÁRIA;HABITAÇĂO;HABITAÇĂO URBANA;DESPESAS DE EXERCÍCIOS ANTERIORES;RECURSOS PROPRIOS DE FUNDOS ESPECIAIS DE DESPESA - VINCULADOS;6.899,09;6.899,09;6.899,09
2026;01;90.10.4.4.90.51.16.482.0016.1.012.01.1100000;SECRETARIA DE HABITAÇĂO E REGULARIZAÇĂO FUNDIÁRIA;HABITAÇĂO;HABITAÇĂO URBANA;OBRAS E INSTALAÇŐES;TESOURO;71.889,71;0,00;0,00
2026;01;90.10.4.4.90.51.16.482.0016.1.012.02.1000004;SECRETARIA DE HABITAÇĂO E REGULARIZAÇĂO FUNDIÁRIA;HABITAÇĂO;HABITAÇĂO URBANA;OBRAS E INSTALAÇŐES;TRANSFERENCIAS E CONVENIOS ESTADUAIS - VINCULADOS;12.418.553,47;0,00;0,00
2026;01;90.10.4.4.90.52.16.482.0016.2.081.01.1100000;SECRETARIA DE HABITAÇĂO E REGULARIZAÇĂO FUNDIÁRIA;HABITAÇĂO;HABITAÇĂO URBANA;EQUIPAMENTOS E MATERIAL PERMANENTE;TESOURO;389,90;0,00;0,00
2026;01;90.10.4.4.90.92.16.482.0016.1.012.01.1100000;SECRETARIA DE HABITAÇĂO E REGULARIZAÇĂO FUNDIÁRIA;HABITAÇĂO;HABITAÇĂO URBANA;DESPESAS DE EXERCÍCIOS ANTERIORES;TESOURO;134.460,40;123.810,07;82.540,05